{
  "width": 100,
  "height": 100,
  "comps": [
    {
      "type": "shape",
      "background": "rgb(232,30,30)",
      "shadowColor": "#1ABC9C",
      "points": [
        38.55278,
        27.82592,
        61.44722,
        27.82592,
        63.27418,
        27.82592,
        64.9654,
        28.58808,
        66.19731,
        29.79909,
        67.39787,
        31.031,
        68.17037,
        32.71176,
        68.17037,
        34.55963,
        68.17037,
        49.84345,
        68.17037,
        53.53908,
        65.1324,
        56.57705,
        61.44722,
        56.57705,
        51.58159,
        56.57705,
        51.58159,
        61.51515,
        52.4377,
        61.78655,
        53.2102,
        62.2772,
        53.83661,
        62.87226,
        54.46301,
        63.48821,
        54.90141,
        64.22947,
        55.18337,
        65.06468,
        69.12043,
        65.06468,
        70.00779,
        65.06468,
        70.70724,
        65.77458,
        70.70724,
        66.65149,
        70.70724,
        67.53884,
        70.00779,
        68.26965,
        69.12043,
        68.26965,
        55.22507,
        68.26965,
        54.96412,
        69.13611,
        54.48391,
        69.92962,
        53.84706,
        70.57682,
        52.88655,
        71.55813,
        51.50854,
        72.17408,
        50.00523,
        72.17408,
        48.50191,
        72.17408,
        47.1447,
        71.55813,
        46.15294,
        70.57682,
        45.51609,
        69.92962,
        45.04633,
        69.13611,
        44.79573,
        68.26965,
        30.90047,
        68.26965,
        30.01301,
        68.26965,
        29.29265,
        67.53884,
        29.29265,
        66.65149,
        29.29265,
        65.78493,
        30.00256,
        65.06468,
        30.90047,
        65.06468,
        44.83753,
        65.06468,
        45.08803,
        64.22947,
        45.55789,
        63.47776,
        46.15294,
        62.87226,
        46.7898,
        62.2772,
        47.55185,
        61.78655,
        48.41831,
        61.51515,
        48.41831,
        56.57705,
        38.57368,
        56.57705,
        34.8884,
        56.57705,
        31.83997,
        53.54953,
        31.83997,
        49.84345,
        31.83997,
        34.55963,
        31.81907,
        30.85355,
        34.85705,
        27.82592,
        38.55278,
        27.82592,
        38.55278,
        27.82592,
        38.55278,
        27.82592,
        52.47939,
        64.21902,
        52.47939,
        64.21902,
        51.84264,
        63.57171,
        50.96563,
        63.17501,
        49.98432,
        63.17501,
        49.02392,
        63.17501,
        48.12601,
        63.57171,
        47.48926,
        64.21902,
        46.8524,
        64.85587,
        46.4557,
        65.74323,
        46.4557,
        66.70364,
        46.4557,
        67.68505,
        46.8524,
        68.5724,
        47.48926,
        69.20926,
        48.13646,
        69.86691,
        49.02392,
        70.24272,
        49.98432,
        70.24272,
        50.96563,
        70.24272,
        51.85309,
        69.86691,
        52.47939,
        69.20926,
        53.11625,
        68.5724,
        53.5234,
        67.6955,
        53.5234,
        66.70364,
        53.5234,
        65.74323,
        53.11625,
        64.85587,
        52.47939,
        64.21902,
        52.47939,
        64.21902,
        52.47939,
        64.21902
      ],
      "segments": [
        1,
        2,
        4,
        4,
        2,
        4,
        2,
        2,
        4,
        4,
        2,
        4,
        4,
        2,
        4,
        4,
        4,
        4,
        2,
        4,
        4,
        2,
        4,
        4,
        2,
        2,
        4,
        2,
        4,
        2,
        2,
        1,
        2,
        4,
        4,
        4,
        4,
        4,
        4,
        4,
        4,
        2,
        2
      ]
    },
    {
      "type": "shape",
      "borderWidth": 3,
      "borderColor": "rgb(255,255,255)",
      "borderCap": "round",
      "points": [
        59,
        33.12224,
        41,
        51.12224
      ]
    },
    {
      "type": "shape",
      "borderWidth": 3,
      "borderColor": "rgb(255,255,255)",
      "borderCap": "round",
      "scaleX": -1,
      "points": [
        59,
        33.12224,
        41,
        51.12224
      ]
    }
  ]
}