{
  "gridAngle": 2.0944,
  "gridRotation": 0.5236,
  "width": 100,
  "height": 102,
  "comps": [
    {
      "type": "shape",
      "background": "rgba(0,0,0,0.6)",
      "gradient": "linear.east",
      "gradientColor": "rgba(0,0,0,0.00)",
      "shadowColor": "#1ABC9C",
      "points": [
        66.44482,
        91.48982,
        49.36,
        100.13888,
        49.36,
        100.13888,
        48.74402,
        100.4,
        48.14,
        100.4,
        47.53598,
        100.4,
        46.92,
        100.13888,
        46.92,
        100.13888,
        12,
        78,
        64,
        90
      ],
      "segments": [
        1,
        2,
        4,
        4,
        2,
        2
      ]
    },
    {
      "type": "shape",
      "background": "rgba(0,0,0,0.00)",
      "gradient": "radial.center",
      "gradientColor": "rgba(0,0,0,0.6)",
      "shadowColor": "#1ABC9C",
      "points": [
        84.94664,
        78.32742,
        76.34165,
        79.64323,
        69.70567,
        75.49782,
        69.70567,
        75.49782,
        59.99162,
        80.64414,
        56.59432,
        80.64414,
        53.19702,
        80.64414,
        44,
        72,
        44,
        72,
        52.82755,
        65.5,
        42.69396,
        59.79361,
        52.82755,
        57.14592
      ],
      "segments": [
        1,
        2,
        2,
        4,
        4,
        2,
        2,
        2
      ]
    },
    {
      "type": "shape",
      "background": "#929395",
      "shadowColor": "#1ABC9C",
      "points": [
        54.12464,
        78.17938,
        44.70637,
        72.6786,
        42.77622,
        71.55139,
        42.96215,
        69.70273,
        45.10699,
        68.69811,
        56.43795,
        63.38531,
        68.24417,
        70.20093,
        69.07349,
        70.67962,
        70.24452,
        71.35588,
        61.07518,
        77.95681,
        59.3265,
        79.21585,
        56.07705,
        79.31994,
        54.12464,
        78.17938
      ],
      "segments": [
        1,
        2,
        4,
        2,
        2,
        2,
        2,
        2,
        4
      ]
    },
    {
      "type": "shape",
      "background": "#bbb9b9",
      "shadowColor": "#1ABC9C",
      "points": [
        54.12464,
        77.5021,
        44.70637,
        72.00131,
        42.77622,
        70.87445,
        42.96215,
        69.02648,
        45.10699,
        68.02117,
        56.43795,
        62.70837,
        70.24452,
        70.67962,
        61.07518,
        77.27953,
        59.3265,
        78.53925,
        56.07705,
        78.64266,
        54.12464,
        77.5021
      ],
      "segments": [
        1,
        2,
        4,
        2,
        2,
        2,
        4
      ]
    },
    {
      "type": "shape",
      "background": "#cccece",
      "shadowColor": "#1ABC9C",
      "points": [
        29.13841,
        1.65036,
        28.97963,
        1.73891,
        28.98167,
        1.75825,
        29.03663,
        1.72364,
        29.08447,
        1.68293,
        29.13841,
        1.65036
      ],
      "segments": [
        1,
        2,
        2,
        4
      ]
    },
    {
      "type": "shape",
      "background": "#cccece",
      "shadowColor": "#1ABC9C",
      "points": [
        84.87732,
        30.83739,
        33.71029,
        1.29615,
        32.40126,
        0.54011,
        31.21688,
        0.47403,
        30.36736,
        0.97874,
        29.18708,
        1.63068,
        30.02838,
        1.18418,
        31.17134,
        1.26842,
        32.43277,
        1.99638,
        83.60014,
        31.53795,
        86.18361,
        33.02914,
        88.27811,
        36.64188,
        88.27811,
        39.60645,
        88.27811,
        73.51784,
        88.27811,
        76.84365,
        88.27811,
        78.24136,
        87.80867,
        79.23879,
        87.04545,
        79.75377,
        88.15074,
        79.16312,
        88.16683,
        79.15421,
        88.18361,
        79.14634,
        88.1997,
        79.13744,
        88.22333,
        79.12477,
        88.22436,
        79.12066,
        89.04614,
        78.62793,
        89.55495,
        77.60071,
        89.55495,
        76.14274,
        89.55495,
        72.81693,
        89.55495,
        38.9052,
        89.5553,
        35.94132,
        87.46079,
        32.32857,
        84.87732,
        30.83739
      ],
      "segments": [
        1,
        2,
        4,
        2,
        4,
        2,
        4,
        2,
        2,
        4,
        2,
        4,
        2,
        2,
        4,
        2,
        2,
        4
      ]
    },
    {
      "type": "shape",
      "background": "#9d9a99",
      "shadowColor": "#1ABC9C",
      "points": [
        32.43311,
        49.97011,
        83.60048,
        79.51135,
        86.18395,
        81.00322,
        88.27846,
        79.80821,
        88.27846,
        76.84399,
        88.27846,
        73.51818,
        27.75479,
        38.57512,
        27.75479,
        41.90127,
        27.75479,
        44.86584,
        29.84964,
        48.47824,
        32.43311,
        49.97011
      ],
      "segments": [
        1,
        2,
        4,
        2,
        2,
        2,
        4
      ]
    },
    {
      "type": "shape",
      "background": "#303133",
      "shadowColor": "#1ABC9C",
      "points": [
        88.27811,
        39.60645,
        88.27811,
        36.64188,
        86.18361,
        33.02948,
        83.60014,
        31.53761,
        32.43311,
        1.99706,
        29.84964,
        0.50519,
        27.75513,
        1.69951,
        27.75513,
        4.66373,
        27.75513,
        38.57512,
        88.27846,
        73.51818,
        88.27846,
        39.60645,
        88.27811,
        39.60645
      ],
      "segments": [
        1,
        4,
        2,
        4,
        2,
        2,
        2,
        2
      ]
    },
    {
      "type": "shape",
      "background": "#848587",
      "shadowColor": "#1ABC9C",
      "points": [
        10.70322,
        75.69281,
        25.29288,
        67.96809,
        64.66499,
        88.77485,
        64.66499,
        89.86439,
        49.08166,
        99.68773,
        48.59647,
        99.9935,
        47.98014,
        100,
        47.48878,
        99.70451,
        11.00386,
        77.77602,
        10.50189,
        77.47333,
        10.4447,
        76.17561,
        10.70322,
        75.69281
      ],
      "segments": [
        1,
        2,
        2,
        2,
        2,
        4,
        2,
        4
      ]
    },
    {
      "type": "shape",
      "background": "#bbb9b9",
      "shadowColor": "#1ABC9C",
      "points": [
        11.00728,
        75.35691,
        25.90408,
        66.59709,
        64.66499,
        88.77382,
        49.08166,
        98.59784,
        48.59647,
        98.90361,
        47.98116,
        98.90943,
        47.48947,
        98.61462,
        11.00386,
        76.68614,
        10.50189,
        76.38414,
        10.5036,
        75.65618,
        11.00728,
        75.35691
      ],
      "segments": [
        1,
        2,
        2,
        2,
        4,
        2,
        4
      ]
    },
    {
      "type": "shape",
      "background": "#ffffff",
      "shadowColor": "#1ABC9C",
      "points": [
        55.97194,
        91.17581,
        57.24809,
        90.45162,
        57.39259,
        90.36944,
        57.40971,
        90.24378,
        57.28473,
        90.17084,
        55.81066,
        89.30421,
        55.68602,
        89.23059,
        55.46723,
        89.23881,
        55.32273,
        89.32099,
        54.04623,
        90.0445,
        53.90105,
        90.12667,
        53.88427,
        90.25234,
        54.00891,
        90.32595,
        55.48332,
        91.19122,
        55.60864,
        91.26484,
        55.82641,
        91.25765,
        55.97194,
        91.17581
      ],
      "segments": [
        1,
        2,
        4,
        2,
        4,
        2,
        4,
        2,
        4
      ]
    },
    {
      "type": "shape",
      "background": "#ffffff",
      "shadowColor": "#1ABC9C",
      "points": [
        53.64527,
        89.80823,
        54.92143,
        89.08541,
        55.06695,
        89.00323,
        55.08373,
        88.8762,
        54.95909,
        88.80395,
        53.48468,
        87.93663,
        53.36039,
        87.86438,
        53.14159,
        87.87192,
        52.99675,
        87.95341,
        51.71991,
        88.6776,
        51.57542,
        88.75978,
        51.55864,
        88.88545,
        51.68328,
        88.95838,
        53.15769,
        89.82501,
        53.28198,
        89.89795,
        53.50078,
        89.89075,
        53.64527,
        89.80823
      ],
      "segments": [
        1,
        2,
        4,
        2,
        4,
        2,
        4,
        2,
        4
      ]
    },
    {
      "type": "shape",
      "background": "#ffffff",
      "shadowColor": "#1ABC9C",
      "points": [
        58.24244,
        89.88802,
        58.85604,
        89.53944,
        59.00224,
        89.45727,
        59.01902,
        89.32955,
        58.89336,
        89.25593,
        57.3895,
        88.37183,
        57.2635,
        88.29753,
        57.0423,
        88.30575,
        56.89644,
        88.38861,
        56.28284,
        88.7365,
        56.13561,
        88.81936,
        56.11883,
        88.94708,
        56.24518,
        89.0207,
        57.74937,
        89.90548,
        57.87538,
        89.97807,
        58.09555,
        89.97156,
        58.24244,
        89.88802
      ],
      "segments": [
        1,
        2,
        4,
        2,
        4,
        2,
        4,
        2,
        4
      ]
    },
    {
      "type": "shape",
      "background": "#ffffff",
      "shadowColor": "#1ABC9C",
      "points": [
        55.95413,
        88.54304,
        56.56807,
        88.19515,
        56.71496,
        88.11229,
        56.73174,
        87.98525,
        56.60539,
        87.91095,
        55.10153,
        87.02754,
        54.97553,
        86.95324,
        54.75502,
        86.96146,
        54.60915,
        87.04432,
        53.99556,
        87.3922,
        53.84832,
        87.47575,
        53.83189,
        87.6021,
        53.95789,
        87.6764,
        55.46175,
        88.5605,
        55.58707,
        88.63343,
        55.80792,
        88.62658,
        55.95413,
        88.54304
      ],
      "segments": [
        1,
        2,
        4,
        2,
        4,
        2,
        4,
        2,
        4
      ]
    },
    {
      "type": "shape",
      "background": "#ffffff",
      "shadowColor": "#1ABC9C",
      "points": [
        53.6665,
        87.19943,
        54.28044,
        86.85017,
        54.42631,
        86.76731,
        54.44308,
        86.64028,
        54.31776,
        86.56597,
        52.81391,
        85.68256,
        52.6879,
        85.60826,
        52.46636,
        85.61648,
        52.32084,
        85.69934,
        51.7069,
        86.04723,
        51.56001,
        86.13077,
        51.54357,
        86.25712,
        51.66958,
        86.33143,
        53.17344,
        87.21621,
        53.29944,
        87.28914,
        53.51995,
        87.28161,
        53.6665,
        87.19943
      ],
      "segments": [
        1,
        2,
        4,
        2,
        4,
        2,
        4,
        2,
        4
      ]
    },
    {
      "type": "shape",
      "background": "#ffffff",
      "shadowColor": "#1ABC9C",
      "points": [
        51.37853,
        85.85445,
        51.99213,
        85.50622,
        52.13834,
        85.42336,
        52.15511,
        85.29633,
        52.02945,
        85.22202,
        50.5256,
        84.33793,
        50.39959,
        84.26431,
        50.17908,
        84.27184,
        50.03321,
        84.3547,
        49.41928,
        84.70396,
        49.27238,
        84.78682,
        49.25561,
        84.91317,
        49.38093,
        84.98679,
        50.88581,
        85.87157,
        51.01113,
        85.94416,
        51.23233,
        85.93766,
        51.37853,
        85.85445
      ],
      "segments": [
        1,
        2,
        4,
        2,
        4,
        2,
        4,
        2,
        4
      ]
    },
    {
      "type": "shape",
      "background": "#ffffff",
      "shadowColor": "#1ABC9C",
      "points": [
        49.09091,
        84.50982,
        49.7045,
        84.16124,
        49.85071,
        84.07838,
        49.86749,
        83.95135,
        49.74182,
        83.87705,
        48.23797,
        82.99363,
        48.11196,
        82.91933,
        47.89077,
        82.92755,
        47.7449,
        83.01041,
        47.13131,
        83.35898,
        46.98407,
        83.44185,
        46.96729,
        83.56819,
        47.09364,
        83.6425,
        48.5975,
        84.52659,
        48.72385,
        84.59918,
        48.94367,
        84.59268,
        49.09091,
        84.50982
      ],
      "segments": [
        1,
        2,
        4,
        2,
        4,
        2,
        4,
        2,
        4
      ]
    },
    {
      "type": "shape",
      "background": "#ffffff",
      "shadowColor": "#1ABC9C",
      "points": [
        46.80225,
        83.16552,
        47.41619,
        82.81627,
        47.56206,
        82.73409,
        47.57918,
        82.60637,
        47.45351,
        82.53344,
        45.94966,
        81.649,
        45.82365,
        81.57538,
        45.60314,
        81.58291,
        45.45693,
        81.66578,
        44.843,
        82.014,
        44.6961,
        82.09721,
        44.67932,
        82.22493,
        44.80567,
        82.29786,
        46.30953,
        83.18264,
        46.43519,
        83.25592,
        46.65639,
        83.24838,
        46.80225,
        83.16552
      ],
      "segments": [
        1,
        2,
        4,
        2,
        4,
        2,
        4,
        2,
        4
      ]
    },
    {
      "type": "shape",
      "background": "#ffffff",
      "shadowColor": "#1ABC9C",
      "points": [
        44.51497,
        81.82054,
        45.12891,
        81.47232,
        45.27511,
        81.38945,
        45.29189,
        81.26242,
        45.16623,
        81.18812,
        43.66237,
        80.3047,
        43.53637,
        80.2304,
        43.31517,
        80.23862,
        43.16931,
        80.32148,
        42.55537,
        80.66971,
        42.40848,
        80.75257,
        42.3917,
        80.87961,
        42.51805,
        80.95391,
        44.0219,
        81.83732,
        44.14757,
        81.9106,
        44.36808,
        81.90341,
        44.51497,
        81.82054
      ],
      "segments": [
        1,
        2,
        4,
        2,
        4,
        2,
        4,
        2,
        4
      ]
    },
    {
      "type": "shape",
      "background": "#ffffff",
      "shadowColor": "#1ABC9C",
      "points": [
        42.22666,
        80.47625,
        42.84025,
        80.12734,
        42.98646,
        80.04447,
        43.00324,
        79.91744,
        42.87757,
        79.84314,
        41.37372,
        78.95973,
        41.24771,
        78.88542,
        41.0272,
        78.89364,
        40.88134,
        78.9765,
        40.2674,
        79.32473,
        40.12051,
        79.4076,
        40.10407,
        79.53463,
        40.22905,
        79.60893,
        41.73393,
        80.49303,
        41.8596,
        80.56665,
        42.08045,
        80.55843,
        42.22666,
        80.47625
      ],
      "segments": [
        1,
        2,
        4,
        2,
        4,
        2,
        4,
        2,
        4
      ]
    },
    {
      "type": "shape",
      "background": "#ffffff",
      "shadowColor": "#1ABC9C",
      "points": [
        39.93903,
        79.13127,
        40.55263,
        78.78339,
        40.69883,
        78.70018,
        40.71527,
        78.57349,
        40.58995,
        78.49919,
        39.08609,
        77.61475,
        38.96009,
        77.54113,
        38.73889,
        77.54935,
        38.59303,
        77.63153,
        37.97943,
        77.98044,
        37.8322,
        78.0633,
        37.81542,
        78.19034,
        37.94177,
        78.26464,
        39.44562,
        79.14805,
        39.57197,
        79.22167,
        39.79214,
        79.21414,
        39.93903,
        79.13127
      ],
      "segments": [
        1,
        2,
        4,
        2,
        4,
        2,
        4,
        2,
        4
      ]
    },
    {
      "type": "shape",
      "background": "#ffffff",
      "shadowColor": "#1ABC9C",
      "points": [
        37.65072,
        77.7863,
        38.26466,
        77.43807,
        38.41086,
        77.3552,
        38.42764,
        77.22851,
        38.30198,
        77.15421,
        36.79812,
        76.27046,
        36.67212,
        76.19615,
        36.45161,
        76.20437,
        36.3054,
        76.28723,
        35.69146,
        76.63546,
        35.54457,
        76.71833,
        35.52779,
        76.84536,
        35.65345,
        76.91966,
        37.15799,
        77.80307,
        37.28366,
        77.87738,
        37.50451,
        77.8695,
        37.65072,
        77.7863
      ],
      "segments": [
        1,
        2,
        4,
        2,
        4,
        2,
        4,
        2,
        4
      ]
    },
    {
      "type": "shape",
      "background": "#ffffff",
      "shadowColor": "#1ABC9C",
      "points": [
        35.36309,
        76.44269,
        35.97703,
        76.09446,
        36.1229,
        76.0116,
        36.14002,
        75.88388,
        36.01435,
        75.81026,
        34.50947,
        74.92582,
        34.38449,
        74.85254,
        34.16295,
        74.85974,
        34.01709,
        74.9426,
        33.40315,
        75.29083,
        33.25694,
        75.37369,
        33.23948,
        75.50141,
        33.36583,
        75.57503,
        34.86968,
        76.45946,
        34.99603,
        76.5324,
        35.2162,
        76.52555,
        35.36309,
        76.44269
      ],
      "segments": [
        1,
        2,
        4,
        2,
        4,
        2,
        4,
        2,
        4
      ]
    },
    {
      "type": "shape",
      "background": "#ffffff",
      "shadowColor": "#1ABC9C",
      "points": [
        33.07512,
        75.09737,
        33.68872,
        74.74948,
        33.83493,
        74.66662,
        33.85273,
        74.53958,
        33.72604,
        74.46528,
        32.22219,
        73.58187,
        32.09618,
        73.50757,
        31.87567,
        73.51578,
        31.72878,
        73.59865,
        31.11518,
        73.94653,
        30.96897,
        74.02974,
        30.95254,
        74.15643,
        31.07752,
        74.23073,
        32.5824,
        75.11449,
        32.70772,
        75.18776,
        32.92891,
        75.18057,
        33.07512,
        75.09737
      ],
      "segments": [
        1,
        2,
        4,
        2,
        4,
        2,
        4,
        2,
        4
      ]
    },
    {
      "type": "shape",
      "background": "#ffffff",
      "shadowColor": "#1ABC9C",
      "points": [
        30.7875,
        73.75342,
        31.40109,
        73.4045,
        31.5473,
        73.3213,
        31.56408,
        73.19461,
        31.43841,
        73.12099,
        29.93456,
        72.23689,
        29.80855,
        72.16259,
        29.58736,
        72.17046,
        29.44149,
        72.25367,
        28.8279,
        72.60156,
        28.68066,
        72.68476,
        28.66423,
        72.81248,
        28.79023,
        72.88575,
        30.29409,
        73.77019,
        30.42044,
        73.84381,
        30.64026,
        73.83628,
        30.7875,
        73.75342
      ],
      "segments": [
        1,
        2,
        4,
        2,
        4,
        2,
        4,
        2,
        4
      ]
    },
    {
      "type": "shape",
      "background": "#ffffff",
      "shadowColor": "#1ABC9C",
      "points": [
        28.49884,
        72.40844,
        29.11278,
        72.06021,
        29.25967,
        71.97735,
        29.27577,
        71.85031,
        29.1501,
        71.77601,
        27.64625,
        70.89157,
        27.52024,
        70.8183,
        27.29973,
        70.82617,
        27.15352,
        70.90835,
        26.53958,
        71.25726,
        26.39269,
        71.34013,
        26.37626,
        71.46716,
        26.50226,
        71.54112,
        28.00612,
        72.42487,
        28.13178,
        72.49849,
        28.35298,
        72.49164,
        28.49884,
        72.40844
      ],
      "segments": [
        1,
        2,
        4,
        2,
        4,
        2,
        4,
        2,
        4
      ]
    },
    {
      "type": "shape",
      "background": "#ffffff",
      "shadowColor": "#1ABC9C",
      "points": [
        26.21156,
        71.06346,
        26.8255,
        70.71557,
        26.97136,
        70.63271,
        26.98848,
        70.50568,
        26.86282,
        70.43137,
        25.35896,
        69.54796,
        25.23296,
        69.47366,
        25.01142,
        69.48188,
        24.8659,
        69.56474,
        24.25196,
        69.91263,
        24.10507,
        69.99583,
        24.08829,
        70.12252,
        24.21464,
        70.19683,
        25.71849,
        71.08058,
        25.84415,
        71.15454,
        26.06467,
        71.14666,
        26.21156,
        71.06346
      ],
      "segments": [
        1,
        2,
        4,
        2,
        4,
        2,
        4,
        2,
        4
      ]
    },
    {
      "type": "shape",
      "background": "#ffffff",
      "shadowColor": "#1ABC9C",
      "points": [
        51.40969,
        88.49476,
        52.68585,
        87.77057,
        52.83034,
        87.68839,
        52.84746,
        87.56272,
        52.72248,
        87.48911,
        51.24842,
        86.62316,
        51.12378,
        86.54954,
        50.90498,
        86.55707,
        50.76049,
        86.63925,
        49.48399,
        87.36344,
        49.33881,
        87.44562,
        49.32203,
        87.57128,
        49.44667,
        87.6449,
        50.92108,
        88.51085,
        51.04537,
        88.58378,
        51.26417,
        88.57728,
        51.40969,
        88.49476
      ],
      "segments": [
        1,
        2,
        4,
        2,
        4,
        2,
        4,
        2,
        4
      ]
    },
    {
      "type": "shape",
      "background": "#ffffff",
      "shadowColor": "#1ABC9C",
      "points": [
        49.17309,
        87.17991,
        50.44924,
        86.45709,
        50.59476,
        86.37491,
        50.61154,
        86.24788,
        50.48656,
        86.17494,
        49.01147,
        85.30831,
        48.88786,
        85.23606,
        48.66906,
        85.24291,
        48.52388,
        85.32509,
        47.24738,
        86.04928,
        47.1022,
        86.13146,
        47.08611,
        86.25712,
        47.21006,
        86.33006,
        48.68515,
        87.19669,
        48.80979,
        87.26962,
        49.02756,
        87.26243,
        49.17309,
        87.17991
      ],
      "segments": [
        1,
        2,
        4,
        2,
        4,
        2,
        4,
        2,
        4
      ]
    },
    {
      "type": "shape",
      "background": "#ffffff",
      "shadowColor": "#1ABC9C",
      "points": [
        46.93648,
        85.86678,
        48.21297,
        85.14259,
        48.35815,
        85.06041,
        48.37493,
        84.9344,
        48.2503,
        84.86113,
        46.77589,
        83.99518,
        46.65159,
        83.92156,
        46.4328,
        83.92909,
        46.2883,
        84.01127,
        45.01146,
        84.73546,
        44.86594,
        84.81764,
        44.85019,
        84.9433,
        44.97482,
        85.01624,
        46.44923,
        85.88219,
        46.57318,
        85.95546,
        46.7913,
        85.94827,
        46.93648,
        85.86678
      ],
      "segments": [
        1,
        2,
        4,
        2,
        4,
        2,
        4,
        2,
        4
      ]
    },
    {
      "type": "shape",
      "background": "#ffffff",
      "shadowColor": "#1ABC9C",
      "points": [
        44.7009,
        84.55193,
        45.97739,
        83.82911,
        46.12189,
        83.74693,
        46.13867,
        83.6199,
        46.01403,
        83.54696,
        44.53962,
        82.68033,
        44.41533,
        82.60808,
        44.19653,
        82.61493,
        44.05203,
        82.69711,
        42.77485,
        83.4213,
        42.63001,
        83.50348,
        42.61324,
        83.62914,
        42.73821,
        83.70208,
        44.21228,
        84.56871,
        44.33692,
        84.6413,
        44.55572,
        84.63411,
        44.7009,
        84.55193
      ],
      "segments": [
        1,
        2,
        4,
        2,
        4,
        2,
        4,
        2,
        4
      ]
    },
    {
      "type": "shape",
      "background": "#ffffff",
      "shadowColor": "#1ABC9C",
      "points": [
        42.46429,
        83.23777,
        43.74078,
        82.51426,
        43.88597,
        82.43208,
        43.90274,
        82.30574,
        43.77742,
        82.2328,
        42.30301,
        81.36651,
        42.17838,
        81.29289,
        41.96061,
        81.30043,
        41.81508,
        81.3826,
        40.53893,
        82.10714,
        40.39341,
        82.18863,
        40.37731,
        82.3143,
        40.50126,
        82.38791,
        41.9767,
        83.25386,
        42.10134,
        83.32748,
        42.31945,
        83.31995,
        42.46429,
        83.23777
      ],
      "segments": [
        1,
        2,
        4,
        2,
        4,
        2,
        4,
        2,
        4
      ]
    },
    {
      "type": "shape",
      "background": "#ffffff",
      "shadowColor": "#1ABC9C",
      "points": [
        40.22802,
        81.92361,
        41.50418,
        81.20044,
        41.6497,
        81.11827,
        41.66648,
        80.99157,
        41.54184,
        80.91898,
        40.06641,
        80.05201,
        39.94314,
        79.97942,
        39.724,
        79.98661,
        39.5795,
        80.06913,
        38.30266,
        80.79298,
        38.15748,
        80.87481,
        38.14139,
        81.00116,
        38.26603,
        81.07375,
        39.74043,
        81.94039,
        39.86507,
        82.01264,
        40.0825,
        82.00579,
        40.22802,
        81.92361
      ],
      "segments": [
        1,
        2,
        4,
        2,
        4,
        2,
        4,
        2,
        4
      ]
    },
    {
      "type": "shape",
      "background": "#ffffff",
      "shadowColor": "#1ABC9C",
      "points": [
        37.99141,
        80.60979,
        39.26757,
        79.88594,
        39.41309,
        79.80376,
        39.42987,
        79.67776,
        39.30489,
        79.60414,
        37.83083,
        78.73819,
        37.70619,
        78.66491,
        37.48739,
        78.6721,
        37.34289,
        78.75428,
        36.06606,
        79.47916,
        35.92156,
        79.56099,
        35.90478,
        79.68632,
        36.02942,
        79.75993,
        37.50383,
        80.62588,
        37.62812,
        80.69882,
        37.84692,
        80.69197,
        37.99141,
        80.60979
      ],
      "segments": [
        1,
        2,
        4,
        2,
        4,
        2,
        4,
        2,
        4
      ]
    },
    {
      "type": "shape",
      "background": "#ffffff",
      "shadowColor": "#1ABC9C",
      "points": [
        35.75583,
        79.29529,
        37.03233,
        78.57212,
        37.17785,
        78.48994,
        37.19463,
        78.36325,
        37.06931,
        78.29032,
        35.5949,
        77.42369,
        35.47061,
        77.35109,
        35.25181,
        77.35829,
        35.10731,
        77.44046,
        33.83082,
        78.16431,
        33.68564,
        78.24649,
        33.66954,
        78.3725,
        33.79349,
        78.44509,
        35.2679,
        79.31206,
        35.39254,
        79.38431,
        35.61065,
        79.37712,
        35.75583,
        79.29529
      ],
      "segments": [
        1,
        2,
        4,
        2,
        4,
        2,
        4,
        2,
        4
      ]
    },
    {
      "type": "shape",
      "background": "#ffffff",
      "shadowColor": "#1ABC9C",
      "points": [
        33.51923,
        77.98147,
        34.79572,
        77.25762,
        34.9409,
        77.17544,
        34.95768,
        77.04943,
        34.83304,
        76.97582,
        33.35795,
        76.10987,
        33.23434,
        76.03659,
        33.01554,
        76.04378,
        32.87105,
        76.12596,
        31.59421,
        76.85049,
        31.44869,
        76.93199,
        31.43294,
        77.05799,
        31.55689,
        77.13127,
        33.03198,
        77.99722,
        33.15627,
        78.07084,
        33.37439,
        78.0633,
        33.51923,
        77.98147
      ],
      "segments": [
        1,
        2,
        4,
        2,
        4,
        2,
        4,
        2,
        4
      ]
    },
    {
      "type": "shape",
      "background": "#ffffff",
      "shadowColor": "#1ABC9C",
      "points": [
        50.88889,
        90.74849,
        52.16504,
        90.02498,
        52.31057,
        89.9428,
        52.32735,
        89.81645,
        52.20237,
        89.74283,
        50.7283,
        88.87688,
        50.60367,
        88.80395,
        50.38487,
        88.8108,
        50.24037,
        88.89298,
        48.96353,
        89.61717,
        48.81835,
        89.69935,
        48.80226,
        89.82501,
        48.92689,
        89.89863,
        50.4013,
        90.76458,
        50.5256,
        90.8382,
        50.74439,
        90.83032,
        50.88889,
        90.74849
      ],
      "segments": [
        1,
        2,
        4,
        2,
        4,
        2,
        4,
        2,
        4
      ]
    },
    {
      "type": "shape",
      "background": "#ffffff",
      "shadowColor": "#1ABC9C",
      "points": [
        48.20133,
        91.72777,
        49.47783,
        91.00426,
        49.62232,
        90.92209,
        49.6391,
        90.79574,
        49.51447,
        90.72349,
        48.04006,
        89.85686,
        47.91576,
        89.78392,
        47.69696,
        89.79146,
        47.55247,
        89.87363,
        46.27597,
        90.59714,
        46.13079,
        90.67932,
        46.11401,
        90.80567,
        46.23865,
        90.87792,
        47.71306,
        91.74524,
        47.83769,
        91.81714,
        48.05615,
        91.80995,
        48.20133,
        91.72777
      ],
      "segments": [
        1,
        2,
        4,
        2,
        4,
        2,
        4,
        2,
        4
      ]
    },
    {
      "type": "shape",
      "background": "#ffffff",
      "shadowColor": "#1ABC9C",
      "points": [
        45.93014,
        90.39341,
        47.20664,
        89.66922,
        47.35182,
        89.58772,
        47.3686,
        89.46138,
        47.24396,
        89.38776,
        45.76887,
        88.52181,
        45.64526,
        88.44819,
        45.42646,
        88.45641,
        45.28196,
        88.5379,
        44.00512,
        89.26278,
        43.86063,
        89.34496,
        43.84385,
        89.46994,
        43.9678,
        89.54355,
        45.44289,
        90.4095,
        45.56685,
        90.48312,
        45.78496,
        90.47559,
        45.93014,
        90.39341
      ],
      "segments": [
        1,
        2,
        4,
        2,
        4,
        2,
        4,
        2,
        4
      ]
    },
    {
      "type": "shape",
      "background": "#ffffff",
      "shadowColor": "#1ABC9C",
      "points": [
        43.65929,
        89.0587,
        44.93579,
        88.3352,
        45.08028,
        88.25302,
        45.09706,
        88.12667,
        44.97243,
        88.05374,
        43.49802,
        87.18779,
        43.37372,
        87.11417,
        43.15492,
        87.1217,
        43.01043,
        87.20388,
        41.73427,
        87.92739,
        41.58875,
        88.00957,
        41.57197,
        88.13591,
        41.69695,
        88.20885,
        43.17102,
        89.0748,
        43.29531,
        89.14841,
        43.51411,
        89.14088,
        43.65929,
        89.0587
      ],
      "segments": [
        1,
        2,
        4,
        2,
        4,
        2,
        4,
        2,
        4
      ]
    },
    {
      "type": "shape",
      "background": "#ffffff",
      "shadowColor": "#1ABC9C",
      "points": [
        41.38776,
        87.72366,
        42.66425,
        87.00015,
        42.80944,
        86.91865,
        42.82621,
        86.79231,
        42.70158,
        86.71869,
        41.22648,
        85.85205,
        41.10287,
        85.77912,
        40.88408,
        85.78665,
        40.73855,
        85.86883,
        39.4624,
        86.59302,
        39.3179,
        86.6752,
        39.30078,
        86.80087,
        39.42473,
        86.8738,
        40.89983,
        87.74043,
        41.02446,
        87.81405,
        41.24223,
        87.80618,
        41.38776,
        87.72366
      ],
      "segments": [
        1,
        2,
        4,
        2,
        4,
        2,
        4,
        2,
        4
      ]
    },
    {
      "type": "shape",
      "background": "#ffffff",
      "shadowColor": "#1ABC9C",
      "points": [
        39.11691,
        86.38895,
        40.39306,
        85.66544,
        40.53756,
        85.58395,
        40.55434,
        85.45692,
        40.43004,
        85.38467,
        38.95564,
        84.51803,
        38.831,
        84.4451,
        38.6122,
        84.45263,
        38.4677,
        84.53481,
        37.19155,
        85.25832,
        37.04603,
        85.3405,
        37.02925,
        85.46685,
        37.15389,
        85.53909,
        38.62829,
        86.40573,
        38.75327,
        86.47866,
        38.97173,
        86.47113,
        39.11691,
        86.38895
      ],
      "segments": [
        1,
        2,
        4,
        2,
        4,
        2,
        4,
        2,
        4
      ]
    },
    {
      "type": "shape",
      "background": "#ffffff",
      "shadowColor": "#1ABC9C",
      "points": [
        36.84538,
        85.05459,
        38.12153,
        84.33039,
        38.26705,
        84.24822,
        38.28383,
        84.12255,
        38.15919,
        84.04893,
        36.6841,
        83.18299,
        36.56049,
        83.10937,
        36.34135,
        83.11759,
        36.19686,
        83.19908,
        34.91967,
        83.92396,
        34.77449,
        84.00545,
        34.7584,
        84.13111,
        34.88235,
        84.20473,
        36.35744,
        85.07068,
        36.48242,
        85.14361,
        36.69985,
        85.13711,
        36.84538,
        85.05459
      ],
      "segments": [
        1,
        2,
        4,
        2,
        4,
        2,
        4,
        2,
        4
      ]
    },
    {
      "type": "shape",
      "background": "#ffffff",
      "shadowColor": "#1ABC9C",
      "points": [
        34.57453,
        83.71988,
        35.85102,
        82.99637,
        35.99552,
        82.91419,
        36.0123,
        82.78785,
        35.88766,
        82.71423,
        34.4136,
        81.84828,
        34.28896,
        81.775,
        34.07016,
        81.78219,
        33.92566,
        81.86437,
        32.64848,
        82.58822,
        32.50399,
        82.6704,
        32.48721,
        82.79606,
        32.61185,
        82.86968,
        34.08625,
        83.73563,
        34.21055,
        83.80959,
        34.42935,
        83.80206,
        34.57453,
        83.71988
      ],
      "segments": [
        1,
        2,
        4,
        2,
        4,
        2,
        4,
        2,
        4
      ]
    },
    {
      "type": "shape",
      "background": "#ffffff",
      "shadowColor": "#1ABC9C",
      "points": [
        32.30299,
        82.38517,
        33.57949,
        81.66167,
        33.72501,
        81.57949,
        33.74179,
        81.45348,
        33.61681,
        81.37987,
        32.14172,
        80.51392,
        32.01811,
        80.44064,
        31.79931,
        80.44783,
        31.65482,
        80.53001,
        30.37763,
        81.25386,
        30.23245,
        81.33604,
        30.21636,
        81.46204,
        30.34031,
        81.53566,
        31.8154,
        82.40195,
        31.9397,
        82.47454,
        32.15781,
        82.46667,
        32.30299,
        82.38517
      ],
      "segments": [
        1,
        2,
        4,
        2,
        4,
        2,
        4,
        2,
        4
      ]
    },
    {
      "type": "shape",
      "background": "#ffffff",
      "shadowColor": "#1ABC9C",
      "points": [
        30.03214,
        81.05013,
        31.30796,
        80.32662,
        31.45314,
        80.24513,
        31.46992,
        80.11843,
        31.34528,
        80.0455,
        29.87087,
        79.17887,
        29.74658,
        79.10628,
        29.52778,
        79.11347,
        29.38328,
        79.19565,
        28.10644,
        79.9195,
        27.96195,
        80.00167,
        27.94517,
        80.12768,
        28.06946,
        80.20027,
        29.54387,
        81.06725,
        29.66817,
        81.1395,
        29.88696,
        81.1323,
        30.03214,
        81.05013
      ],
      "segments": [
        1,
        2,
        4,
        2,
        4,
        2,
        4,
        2,
        4
      ]
    },
    {
      "type": "shape",
      "background": "#ffffff",
      "shadowColor": "#1ABC9C",
      "points": [
        27.76061,
        79.71576,
        29.03677,
        78.99157,
        29.18195,
        78.90974,
        29.19872,
        78.78373,
        29.07409,
        78.71011,
        27.59899,
        77.84416,
        27.47539,
        77.77054,
        27.25659,
        77.77876,
        27.11141,
        77.86026,
        25.83491,
        78.58479,
        25.68939,
        78.66697,
        25.67364,
        78.79229,
        25.79759,
        78.86556,
        27.27268,
        79.73151,
        27.39732,
        79.80513,
        27.61543,
        79.7976,
        27.76061,
        79.71576
      ],
      "segments": [
        1,
        2,
        4,
        2,
        4,
        2,
        4,
        2,
        4
      ]
    },
    {
      "type": "shape",
      "background": "#ffffff",
      "shadowColor": "#1ABC9C",
      "points": [
        25.48908,
        78.38106,
        26.76557,
        77.65755,
        26.91075,
        77.57537,
        26.92753,
        77.44902,
        26.8029,
        77.37575,
        25.32849,
        76.5098,
        25.20419,
        76.43618,
        24.9854,
        76.44371,
        24.8409,
        76.52589,
        23.56372,
        77.24974,
        23.41922,
        77.33192,
        23.40244,
        77.45793,
        23.52742,
        77.5312,
        25.00149,
        78.39715,
        25.12613,
        78.47077,
        25.34458,
        78.46324,
        25.48908,
        78.38106
      ],
      "segments": [
        1,
        2,
        4,
        2,
        4,
        2,
        4,
        2,
        4
      ]
    },
    {
      "type": "shape",
      "background": "#ffffff",
      "shadowColor": "#1ABC9C",
      "points": [
        44.81184,
        92.23591,
        46.08833,
        91.5124,
        46.23283,
        91.43022,
        46.24961,
        91.30456,
        46.12497,
        91.23094,
        44.65056,
        90.36499,
        44.52593,
        90.29137,
        44.30713,
        90.2989,
        44.16263,
        90.38108,
        42.88648,
        91.10459,
        42.74095,
        91.18677,
        42.72418,
        91.31312,
        42.84915,
        91.38536,
        44.32322,
        92.25268,
        44.44854,
        92.32562,
        44.66666,
        92.3174,
        44.81184,
        92.23591
      ],
      "segments": [
        1,
        2,
        4,
        2,
        4,
        2,
        4,
        2,
        4
      ]
    },
    {
      "type": "shape",
      "background": "#ffffff",
      "shadowColor": "#1ABC9C",
      "points": [
        49.37408,
        94.91764,
        50.65023,
        94.19345,
        50.79541,
        94.11127,
        50.81219,
        93.98561,
        50.68687,
        93.91199,
        46.97585,
        91.7312,
        46.85224,
        91.65758,
        46.63345,
        91.6658,
        46.48827,
        91.74797,
        45.21211,
        92.47217,
        45.06693,
        92.55435,
        45.05084,
        92.67932,
        45.17547,
        92.75294,
        48.8858,
        94.93305,
        49.01113,
        95.00667,
        49.22856,
        94.99982,
        49.37408,
        94.91764
      ],
      "segments": [
        1,
        2,
        4,
        2,
        4,
        2,
        4,
        2,
        4
      ]
    },
    {
      "type": "shape",
      "background": "#ffffff",
      "shadowColor": "#1ABC9C",
      "points": [
        42.57557,
        90.92174,
        43.85172,
        90.19824,
        43.99691,
        90.11606,
        44.01368,
        89.98971,
        43.88905,
        89.91609,
        42.41395,
        89.05014,
        42.29035,
        88.97721,
        42.07155,
        88.98474,
        41.92602,
        89.06692,
        40.64953,
        89.79111,
        40.50435,
        89.87329,
        40.48825,
        89.99827,
        40.6122,
        90.07189,
        42.0873,
        90.93784,
        42.21228,
        91.01146,
        42.43005,
        91.00392,
        42.57557,
        90.92174
      ],
      "segments": [
        1,
        2,
        4,
        2,
        4,
        2,
        4,
        2,
        4
      ]
    },
    {
      "type": "shape",
      "background": "#ffffff",
      "shadowColor": "#1ABC9C",
      "points": [
        42.63378,
        93.57472,
        43.91028,
        92.85121,
        44.05546,
        92.76903,
        44.07224,
        92.64269,
        43.9476,
        92.57044,
        42.47251,
        91.70312,
        42.3489,
        91.63019,
        42.1301,
        91.6384,
        41.9856,
        91.72058,
        40.70876,
        92.44409,
        40.56324,
        92.52627,
        40.54715,
        92.65125,
        40.6711,
        92.72486,
        42.14653,
        93.5915,
        42.27049,
        93.66443,
        42.4886,
        93.65724,
        42.63378,
        93.57472
      ],
      "segments": [
        1,
        2,
        4,
        2,
        4,
        2,
        4,
        2,
        4
      ]
    },
    {
      "type": "shape",
      "background": "#ffffff",
      "shadowColor": "#1ABC9C",
      "points": [
        47.10665,
        96.20304,
        48.38212,
        95.47954,
        48.5273,
        95.39736,
        48.54408,
        95.27101,
        48.41945,
        95.19808,
        44.70877,
        93.01728,
        44.58448,
        92.94435,
        44.36636,
        92.95188,
        44.22118,
        93.03406,
        42.94503,
        93.75757,
        42.79985,
        93.83974,
        42.78375,
        93.96609,
        42.90771,
        94.03903,
        46.61838,
        96.21914,
        46.74267,
        96.29275,
        46.96113,
        96.28522,
        47.10665,
        96.20304
      ],
      "segments": [
        1,
        2,
        4,
        2,
        4,
        2,
        4,
        2,
        4
      ]
    },
    {
      "type": "shape",
      "background": "#ffffff",
      "shadowColor": "#1ABC9C",
      "points": [
        40.41224,
        92.25268,
        41.65895,
        91.54527,
        41.81234,
        91.4583,
        41.82981,
        91.32579,
        41.69798,
        91.2484,
        40.06504,
        90.28932,
        39.93389,
        90.21159,
        39.70311,
        90.21981,
        39.55006,
        90.30678,
        38.30335,
        91.01351,
        38.14995,
        91.0998,
        38.13249,
        91.23368,
        38.26431,
        91.30969,
        39.89726,
        92.27015,
        40.0284,
        92.34616,
        40.25918,
        92.33966,
        40.41224,
        92.25268
      ],
      "segments": [
        1,
        2,
        4,
        2,
        4,
        2,
        4,
        2,
        4
      ]
    },
    {
      "type": "shape",
      "background": "#ffffff",
      "shadowColor": "#1ABC9C",
      "points": [
        40.33896,
        89.6069,
        41.61512,
        88.88408,
        41.76064,
        88.8019,
        41.77742,
        88.67623,
        41.65244,
        88.60262,
        40.17837,
        87.73667,
        40.05374,
        87.66305,
        39.83494,
        87.67058,
        39.69044,
        87.75276,
        38.4136,
        88.47627,
        38.26911,
        88.55845,
        38.25233,
        88.68479,
        38.37697,
        88.75841,
        39.85137,
        89.62368,
        39.97567,
        89.69729,
        40.19447,
        89.68942,
        40.33896,
        89.6069
      ],
      "segments": [
        1,
        2,
        4,
        2,
        4,
        2,
        4,
        2,
        4
      ]
    },
    {
      "type": "shape",
      "background": "#ffffff",
      "shadowColor": "#1ABC9C",
      "points": [
        37.95717,
        90.8269,
        39.23333,
        90.10339,
        39.37817,
        90.02121,
        39.39494,
        89.89486,
        39.26997,
        89.82125,
        28.69675,
        83.60757,
        28.57246,
        83.53464,
        28.35435,
        83.54217,
        28.20917,
        83.62435,
        26.93301,
        84.34786,
        26.78749,
        84.43003,
        26.77071,
        84.55638,
        26.89569,
        84.62932,
        37.4689,
        90.84265,
        37.59422,
        90.91661,
        37.81199,
        90.90839,
        37.95717,
        90.8269
      ],
      "segments": [
        1,
        2,
        4,
        2,
        4,
        2,
        4,
        2,
        4
      ]
    },
    {
      "type": "shape",
      "background": "#ffffff",
      "shadowColor": "#1ABC9C",
      "points": [
        38.10338,
        88.29376,
        39.37954,
        87.56957,
        39.52403,
        87.48739,
        39.54081,
        87.36173,
        39.41617,
        87.28811,
        37.94177,
        86.42216,
        37.81747,
        86.34855,
        37.59867,
        86.35676,
        37.45418,
        86.43894,
        36.17802,
        87.16313,
        36.03284,
        87.24531,
        36.01606,
        87.37029,
        36.1407,
        87.44391,
        37.61511,
        88.30986,
        37.7394,
        88.38313,
        37.95786,
        88.37594,
        38.10338,
        88.29376
      ],
      "segments": [
        1,
        2,
        4,
        2,
        4,
        2,
        4,
        2,
        4
      ]
    },
    {
      "type": "shape",
      "background": "#ffffff",
      "shadowColor": "#1ABC9C",
      "points": [
        35.86677,
        86.97892,
        37.14327,
        86.2561,
        37.28845,
        86.17392,
        37.30557,
        86.04757,
        37.18059,
        85.97464,
        35.7055,
        85.10869,
        35.58189,
        85.03507,
        35.36309,
        85.0426,
        35.21791,
        85.12478,
        33.94141,
        85.84829,
        33.79589,
        85.93047,
        33.78014,
        86.05681,
        33.90409,
        86.12975,
        35.37919,
        86.9957,
        35.50348,
        87.06897,
        35.72159,
        87.0611,
        35.86677,
        86.97892
      ],
      "segments": [
        1,
        2,
        4,
        2,
        4,
        2,
        4,
        2,
        4
      ]
    },
    {
      "type": "shape",
      "background": "#ffffff",
      "shadowColor": "#1ABC9C",
      "points": [
        33.63051,
        85.66544,
        34.90701,
        84.94125,
        35.05219,
        84.85907,
        35.06896,
        84.73341,
        34.94433,
        84.65979,
        33.46992,
        83.79384,
        33.34563,
        83.72022,
        33.12683,
        83.72844,
        32.98233,
        83.81062,
        31.70549,
        84.53481,
        31.55997,
        84.61699,
        31.54388,
        84.74197,
        31.66885,
        84.81559,
        33.14326,
        85.68153,
        33.26721,
        85.75413,
        33.48601,
        85.74762,
        33.63051,
        85.66544
      ],
      "segments": [
        1,
        2,
        4,
        2,
        4,
        2,
        4,
        2,
        4
      ]
    },
    {
      "type": "shape",
      "background": "#ffffff",
      "shadowColor": "#1ABC9C",
      "points": [
        31.39459,
        84.3506,
        32.67108,
        83.62777,
        32.81558,
        83.54559,
        32.83236,
        83.41925,
        32.70772,
        83.34563,
        31.23331,
        82.48036,
        31.10902,
        82.40675,
        30.88988,
        82.41359,
        30.74538,
        82.49577,
        29.46923,
        83.21997,
        29.3237,
        83.30214,
        29.30692,
        83.42781,
        29.43156,
        83.50142,
        30.90597,
        84.36737,
        31.03095,
        84.44065,
        31.2494,
        84.43277,
        31.39459,
        84.3506
      ],
      "segments": [
        1,
        2,
        4,
        2,
        4,
        2,
        4,
        2,
        4
      ]
    },
    {
      "type": "shape",
      "background": "#ffffff",
      "shadowColor": "#1ABC9C",
      "points": [
        29.15832,
        83.03712,
        30.43482,
        82.31293,
        30.58,
        82.23075,
        30.59678,
        82.10509,
        30.47111,
        82.03113,
        28.99705,
        81.16518,
        28.87344,
        81.0919,
        28.65464,
        81.09978,
        28.50911,
        81.18127,
        27.23296,
        81.9058,
        27.08778,
        81.98798,
        27.07169,
        82.11365,
        27.19564,
        82.18726,
        28.67073,
        83.05253,
        28.79537,
        83.12615,
        29.0128,
        83.1193,
        29.15832,
        83.03712
      ],
      "segments": [
        1,
        2,
        4,
        2,
        4,
        2,
        4,
        2,
        4
      ]
    },
    {
      "type": "shape",
      "background": "#ffffff",
      "shadowColor": "#1ABC9C",
      "points": [
        26.92171,
        81.72227,
        28.19787,
        80.99945,
        28.34339,
        80.91727,
        28.36017,
        80.79127,
        28.23519,
        80.71765,
        26.76112,
        79.85101,
        26.63649,
        79.77842,
        26.41769,
        79.78561,
        26.27319,
        79.86779,
        24.99635,
        80.59164,
        24.85117,
        80.67382,
        24.83508,
        80.79983,
        24.95972,
        80.87242,
        26.43412,
        81.73905,
        26.55842,
        81.81233,
        26.77653,
        81.80445,
        26.92171,
        81.72227
      ],
      "segments": [
        1,
        2,
        4,
        2,
        4,
        2,
        4,
        2,
        4
      ]
    },
    {
      "type": "shape",
      "background": "#ffffff",
      "shadowColor": "#1ABC9C",
      "points": [
        24.68647,
        80.40845,
        25.96263,
        79.6846,
        26.10712,
        79.60277,
        26.1239,
        79.47642,
        25.99927,
        79.40314,
        24.52486,
        78.5372,
        24.40056,
        78.46358,
        24.18176,
        78.4718,
        24.03727,
        78.55329,
        22.76009,
        79.27782,
        22.61559,
        79.36,
        22.59881,
        79.48532,
        22.72345,
        79.5586,
        24.19786,
        80.42455,
        24.32215,
        80.49782,
        24.54095,
        80.49063,
        24.68647,
        80.40845
      ],
      "segments": [
        1,
        2,
        4,
        2,
        4,
        2,
        4,
        2,
        4
      ]
    },
    {
      "type": "shape",
      "background": "#ffffff",
      "shadowColor": "#1ABC9C",
      "points": [
        22.40569,
        79.06861,
        23.68219,
        78.34545,
        23.82737,
        78.26327,
        23.84415,
        78.13658,
        23.71951,
        78.06365,
        22.24442,
        77.19701,
        22.12081,
        77.12442,
        21.90201,
        77.13161,
        21.75649,
        77.21379,
        20.48034,
        77.93764,
        20.33584,
        78.01982,
        20.31872,
        78.14582,
        20.44267,
        78.21876,
        21.91811,
        79.08539,
        22.04274,
        79.15764,
        22.26086,
        79.15079,
        22.40569,
        79.06861
      ],
      "segments": [
        1,
        2,
        4,
        2,
        4,
        2,
        4,
        2,
        4
      ]
    },
    {
      "type": "shape",
      "background": "#ffffff",
      "shadowColor": "#1ABC9C",
      "points": [
        26.53068,
        84.11125,
        27.80684,
        83.38843,
        27.95133,
        83.30625,
        27.96811,
        83.17922,
        27.84347,
        83.10629,
        26.36941,
        82.23965,
        26.24477,
        82.1674,
        26.02597,
        82.17425,
        25.88148,
        82.25643,
        24.60498,
        82.98062,
        24.4598,
        83.0628,
        24.44302,
        83.18846,
        24.56766,
        83.2614,
        26.04207,
        84.12803,
        26.1667,
        84.20062,
        26.38516,
        84.19343,
        26.53068,
        84.11125
      ],
      "segments": [
        1,
        2,
        4,
        2,
        4,
        2,
        4,
        2,
        4
      ]
    },
    {
      "type": "shape",
      "background": "#ffffff",
      "shadowColor": "#1ABC9C",
      "points": [
        24.29442,
        82.79778,
        25.57057,
        82.07358,
        25.71609,
        81.99141,
        25.73287,
        81.8654,
        25.60824,
        81.79178,
        24.1328,
        80.92583,
        24.00919,
        80.85256,
        23.79039,
        80.85975,
        23.64521,
        80.94193,
        22.36906,
        81.66646,
        22.22456,
        81.74864,
        22.20778,
        81.87396,
        22.33173,
        81.94724,
        23.80683,
        82.81318,
        23.93078,
        82.88646,
        24.14889,
        82.87927,
        24.29442,
        82.79778
      ],
      "segments": [
        1,
        2,
        4,
        2,
        4,
        2,
        4,
        2,
        4
      ]
    },
    {
      "type": "shape",
      "background": "#ffffff",
      "shadowColor": "#1ABC9C",
      "points": [
        22.05781,
        81.48259,
        23.33431,
        80.75976,
        23.47949,
        80.67759,
        23.49661,
        80.55158,
        23.37163,
        80.47796,
        21.89722,
        79.61133,
        21.77293,
        79.53874,
        21.55413,
        79.54593,
        21.40963,
        79.62811,
        20.13279,
        80.35196,
        19.9883,
        80.43413,
        19.97152,
        80.56014,
        20.09615,
        80.63273,
        21.57056,
        81.49937,
        21.69451,
        81.57298,
        21.91263,
        81.56511,
        22.05781,
        81.48259
      ],
      "segments": [
        1,
        2,
        4,
        2,
        4,
        2,
        4,
        2,
        4
      ]
    },
    {
      "type": "shape",
      "background": "#ffffff",
      "shadowColor": "#1ABC9C",
      "points": [
        19.83729,
        80.16021,
        21.08332,
        79.45416,
        21.23637,
        79.36685,
        21.25418,
        79.23365,
        21.12235,
        79.15627,
        19.48119,
        78.19239,
        19.34936,
        78.11398,
        19.11824,
        78.1222,
        18.96484,
        78.20917,
        17.71882,
        78.91521,
        17.56542,
        79.00321,
        17.54796,
        79.13572,
        17.67978,
        79.21311,
        19.3206,
        80.17801,
        19.45243,
        80.25506,
        19.6839,
        80.24718,
        19.83729,
        80.16021
      ],
      "segments": [
        1,
        2,
        4,
        2,
        4,
        2,
        4,
        2,
        4
      ]
    },
    {
      "type": "shape",
      "background": "#ffffff",
      "shadowColor": "#1ABC9C",
      "points": [
        17.3271,
        78.70258,
        18.60326,
        77.97873,
        18.74878,
        77.89758,
        18.76556,
        77.77054,
        18.64092,
        77.69795,
        17.16651,
        76.83132,
        17.04222,
        76.75873,
        16.82342,
        76.76592,
        16.67858,
        76.8481,
        15.40174,
        77.57195,
        15.25725,
        77.65413,
        15.24047,
        77.78013,
        15.36545,
        77.85272,
        16.83951,
        78.7197,
        16.96415,
        78.79229,
        17.18261,
        78.7851,
        17.3271,
        78.70258
      ],
      "segments": [
        1,
        2,
        4,
        2,
        4,
        2,
        4,
        2,
        4
      ]
    },
    {
      "type": "shape",
      "background": "#ffffff",
      "shadowColor": "#1ABC9C",
      "points": [
        15.04119,
        77.35931,
        16.31768,
        76.63546,
        16.46218,
        76.55328,
        16.47896,
        76.42728,
        16.35432,
        76.354,
        14.87991,
        75.48805,
        14.75562,
        75.41444,
        14.53682,
        75.42197,
        14.39232,
        75.5038,
        13.11583,
        76.22868,
        12.97065,
        76.30983,
        12.95353,
        76.43584,
        13.07851,
        76.50946,
        14.55291,
        77.37541,
        14.67789,
        77.44868,
        14.89601,
        77.44183,
        15.04119,
        77.35931
      ],
      "segments": [
        1,
        2,
        4,
        2,
        4,
        2,
        4,
        2,
        4
      ]
    },
    {
      "type": "shape",
      "background": "#ffffff",
      "shadowColor": "#1ABC9C",
      "points": [
        20.14786,
        77.74212,
        21.42401,
        77.01827,
        21.56919,
        76.9361,
        21.58631,
        76.81009,
        21.46133,
        76.73647,
        19.43394,
        75.54558,
        19.30964,
        75.47196,
        19.09084,
        75.47915,
        18.94635,
        75.56236,
        17.66985,
        76.28518,
        17.52467,
        76.36736,
        17.50789,
        76.49336,
        17.63253,
        76.56698,
        19.65993,
        77.75788,
        19.78456,
        77.83115,
        20.00268,
        77.82396,
        20.14786,
        77.74212
      ],
      "segments": [
        1,
        2,
        4,
        2,
        4,
        2,
        4,
        2,
        4
      ]
    },
    {
      "type": "shape",
      "background": "#ffffff",
      "shadowColor": "#1ABC9C",
      "points": [
        17.30895,
        76.07289,
        18.58545,
        75.35006,
        18.73063,
        75.26789,
        18.74741,
        75.14085,
        18.62277,
        75.06826,
        17.14768,
        74.20163,
        17.02407,
        74.12904,
        16.80527,
        74.13623,
        16.66078,
        74.21841,
        15.3836,
        74.94226,
        15.2391,
        75.02443,
        15.22232,
        75.15044,
        15.34627,
        75.22303,
        16.82137,
        76.09001,
        16.94566,
        76.16225,
        17.16343,
        76.15506,
        17.30895,
        76.07289
      ],
      "segments": [
        1,
        2,
        4,
        2,
        4,
        2,
        4,
        2,
        4
      ]
    },
    {
      "type": "shape",
      "background": "#ffffff",
      "shadowColor": "#1ABC9C",
      "points": [
        23.2511,
        77.06484,
        24.52725,
        76.34202,
        24.67175,
        76.25984,
        24.68853,
        76.13281,
        24.56355,
        76.06022,
        21.59864,
        74.3177,
        21.474,
        74.24443,
        21.25623,
        74.25162,
        21.11071,
        74.3338,
        19.83455,
        75.05765,
        19.68903,
        75.13982,
        19.67294,
        75.26583,
        19.79689,
        75.33945,
        22.76214,
        77.08162,
        22.88712,
        77.15455,
        23.10558,
        77.14702,
        23.2511,
        77.06484
      ],
      "segments": [
        1,
        2,
        4,
        2,
        4,
        2,
        4,
        2,
        4
      ]
    },
    {
      "type": "shape",
      "background": "#ffffff",
      "shadowColor": "#1ABC9C",
      "points": [
        53.75519,
        92.43245,
        55.03168,
        91.70894,
        55.17686,
        91.62676,
        55.19364,
        91.50041,
        55.06901,
        91.42748,
        53.07996,
        90.25919,
        52.95532,
        90.18625,
        52.73755,
        90.1931,
        52.59203,
        90.27528,
        51.31587,
        90.99947,
        51.17069,
        91.08165,
        51.1546,
        91.20663,
        51.27855,
        91.28025,
        53.26794,
        92.44854,
        53.39189,
        92.52216,
        53.61001,
        92.51497,
        53.75519,
        92.43245
      ],
      "segments": [
        1,
        2,
        4,
        2,
        4,
        2,
        4,
        2,
        4
      ]
    },
    {
      "type": "shape",
      "background": "#ffffff",
      "shadowColor": "#1ABC9C",
      "points": [
        51.53844,
        93.68908,
        52.81493,
        92.96626,
        52.96046,
        92.88408,
        52.97724,
        92.75774,
        52.85226,
        92.68412,
        50.34926,
        91.21348,
        50.22565,
        91.14054,
        50.00685,
        91.14808,
        49.86132,
        91.23025,
        48.58517,
        91.95376,
        48.44067,
        92.03594,
        48.42355,
        92.16229,
        48.54751,
        92.23454,
        51.05051,
        93.70586,
        51.17549,
        93.77948,
        51.3936,
        93.77126,
        51.53844,
        93.68908
      ],
      "segments": [
        1,
        2,
        4,
        2,
        4,
        2,
        4,
        2,
        4
      ]
    },
    {
      "type": "shape",
      "background": "#ffffff",
      "shadowColor": "#1ABC9C",
      "points": [
        48.65365,
        89.43398,
        49.92981,
        88.71047,
        50.0743,
        88.6283,
        50.09108,
        88.50195,
        49.96644,
        88.4297,
        48.49204,
        87.56307,
        48.36774,
        87.49013,
        48.14894,
        87.49767,
        48.00445,
        87.57984,
        46.72795,
        88.30335,
        46.58277,
        88.38553,
        46.56599,
        88.51188,
        46.69063,
        88.58413,
        48.16504,
        89.45076,
        48.28933,
        89.52335,
        48.50813,
        89.51616,
        48.65365,
        89.43398
      ],
      "segments": [
        1,
        2,
        4,
        2,
        4,
        2,
        4,
        2,
        4
      ]
    },
    {
      "type": "shape",
      "background": "#ffffff",
      "shadowColor": "#1ABC9C",
      "points": [
        46.4167,
        88.12051,
        47.6932,
        87.39631,
        47.83838,
        87.31414,
        47.85516,
        87.18847,
        47.72984,
        87.11485,
        46.25543,
        86.2489,
        46.13182,
        86.17529,
        45.91302,
        86.18282,
        45.76784,
        86.265,
        44.49134,
        86.98919,
        44.34582,
        87.07068,
        44.33007,
        87.19737,
        44.45402,
        87.27065,
        45.92911,
        88.1366,
        46.05375,
        88.20987,
        46.27186,
        88.20268,
        46.4167,
        88.12051
      ],
      "segments": [
        1,
        2,
        4,
        2,
        4,
        2,
        4,
        2,
        4
      ]
    },
    {
      "type": "shape",
      "background": "#ffffff",
      "shadowColor": "#1ABC9C",
      "points": [
        44.18044,
        86.80566,
        45.45659,
        86.08215,
        45.60177,
        85.99997,
        45.61855,
        85.87363,
        45.49391,
        85.80138,
        44.01882,
        84.93474,
        43.89521,
        84.86181,
        43.67641,
        84.86934,
        43.53192,
        84.95152,
        42.25508,
        85.67503,
        42.10955,
        85.75721,
        42.09346,
        85.88356,
        42.21844,
        85.9558,
        43.69251,
        86.82244,
        43.81748,
        86.89503,
        44.03491,
        86.88784,
        44.18044,
        86.80566
      ],
      "segments": [
        1,
        2,
        4,
        2,
        4,
        2,
        4,
        2,
        4
      ]
    },
    {
      "type": "shape",
      "background": "#ffffff",
      "shadowColor": "#1ABC9C",
      "points": [
        41.94486,
        85.49218,
        43.22032,
        84.76799,
        43.36585,
        84.68581,
        43.38263,
        84.56015,
        43.25799,
        84.48653,
        41.78358,
        83.62058,
        41.65895,
        83.54696,
        41.44015,
        83.5545,
        41.29565,
        83.63668,
        40.01881,
        84.36018,
        39.87432,
        84.44236,
        39.85754,
        84.56871,
        39.98217,
        84.64233,
        41.45658,
        85.50828,
        41.58088,
        85.58121,
        41.79967,
        85.57436,
        41.94486,
        85.49218
      ],
      "segments": [
        1,
        2,
        4,
        2,
        4,
        2,
        4,
        2,
        4
      ]
    },
    {
      "type": "shape",
      "background": "#ffffff",
      "shadowColor": "#1ABC9C",
      "points": [
        39.70859,
        84.17734,
        40.98509,
        83.45383,
        41.13027,
        83.37165,
        41.14705,
        83.2453,
        41.02138,
        83.17237,
        39.54732,
        82.30574,
        39.42268,
        82.2328,
        39.20491,
        82.24102,
        39.05938,
        82.32251,
        37.78289,
        83.04671,
        37.63771,
        83.12888,
        37.62161,
        83.25386,
        37.74557,
        83.32748,
        39.21997,
        84.19412,
        39.3453,
        84.26705,
        39.56307,
        84.25952,
        39.70859,
        84.17734
      ],
      "segments": [
        1,
        2,
        4,
        2,
        4,
        2,
        4,
        2,
        4
      ]
    },
    {
      "type": "shape",
      "background": "#ffffff",
      "shadowColor": "#1ABC9C",
      "points": [
        37.47164,
        82.86386,
        38.74814,
        82.13967,
        38.89366,
        82.05749,
        38.91044,
        81.93148,
        38.78546,
        81.85787,
        37.31037,
        80.99192,
        37.18676,
        80.91864,
        36.96796,
        80.92583,
        36.82346,
        81.00801,
        35.54662,
        81.73186,
        35.40144,
        81.81404,
        35.38535,
        81.94004,
        35.50999,
        82.01366,
        36.98439,
        82.87927,
        37.10869,
        82.95289,
        37.3268,
        82.94604,
        37.47164,
        82.86386
      ],
      "segments": [
        1,
        2,
        4,
        2,
        4,
        2,
        4,
        2,
        4
      ]
    },
    {
      "type": "shape",
      "background": "#ffffff",
      "shadowColor": "#1ABC9C",
      "points": [
        35.23537,
        81.54901,
        36.51187,
        80.82516,
        36.65705,
        80.74333,
        36.67383,
        80.61698,
        36.54919,
        80.54439,
        35.07478,
        79.67776,
        34.95049,
        79.60517,
        34.73169,
        79.61236,
        34.5872,
        79.69453,
        33.31036,
        80.41838,
        33.16586,
        80.50056,
        33.14908,
        80.62657,
        33.27372,
        80.69916,
        34.74813,
        81.56579,
        34.87242,
        81.63838,
        35.09088,
        81.63119,
        35.23537,
        81.54901
      ],
      "segments": [
        1,
        2,
        4,
        2,
        4,
        2,
        4,
        2,
        4
      ]
    },
    {
      "type": "shape",
      "background": "#ffffff",
      "shadowColor": "#1ABC9C",
      "points": [
        32.99979,
        80.2352,
        34.27629,
        79.51135,
        34.42079,
        79.42951,
        34.43756,
        79.30316,
        34.31293,
        79.22989,
        32.83852,
        78.36394,
        32.71423,
        78.29032,
        32.49543,
        78.29785,
        32.35093,
        78.38003,
        31.07443,
        79.10388,
        30.92891,
        79.18606,
        30.91213,
        79.31206,
        31.03711,
        79.38534,
        32.51118,
        80.25129,
        32.6365,
        80.32456,
        32.85461,
        80.31737,
        32.99979,
        80.2352
      ],
      "segments": [
        1,
        2,
        4,
        2,
        4,
        2,
        4,
        2,
        4
      ]
    },
    {
      "type": "shape",
      "background": "#ffffff",
      "shadowColor": "#1ABC9C",
      "points": [
        30.76353,
        78.92069,
        32.04002,
        78.19684,
        32.18521,
        78.11466,
        32.20198,
        77.98866,
        32.07735,
        77.91607,
        30.60225,
        77.04943,
        30.47864,
        76.97582,
        30.25985,
        76.98403,
        30.11432,
        77.06621,
        28.83817,
        77.79006,
        28.69265,
        77.87224,
        28.67655,
        77.99722,
        28.8005,
        78.07084,
        30.27594,
        78.93747,
        30.40023,
        79.01006,
        30.61835,
        79.00287,
        30.76353,
        78.92069
      ],
      "segments": [
        1,
        2,
        4,
        2,
        4,
        2,
        4,
        2,
        4
      ]
    },
    {
      "type": "shape",
      "background": "#ffffff",
      "shadowColor": "#1ABC9C",
      "points": [
        28.46152,
        77.56784,
        29.73767,
        76.84502,
        29.88285,
        76.76284,
        29.89963,
        76.6358,
        29.775,
        76.56321,
        28.2999,
        75.69658,
        28.17629,
        75.62399,
        27.9575,
        75.63118,
        27.813,
        75.71336,
        26.53616,
        76.43721,
        26.39166,
        76.51939,
        26.37454,
        76.64539,
        26.49952,
        76.71798,
        27.97359,
        77.58462,
        28.09823,
        77.65755,
        28.316,
        77.65002,
        28.46152,
        77.56784
      ],
      "segments": [
        1,
        2,
        4,
        2,
        4,
        2,
        4,
        2,
        4
      ]
    },
    {
      "type": "shape",
      "background": "#ffffff",
      "shadowColor": "#1ABC9C",
      "points": [
        26.18827,
        76.23142,
        27.46443,
        75.5086,
        27.60961,
        75.42642,
        27.62639,
        75.30041,
        27.50107,
        75.2268,
        26.027,
        74.36016,
        25.90339,
        74.28757,
        25.68459,
        74.29476,
        25.53907,
        74.37694,
        24.26257,
        75.10079,
        24.11739,
        75.18297,
        24.1013,
        75.30897,
        24.22525,
        75.38156,
        25.70034,
        76.2482,
        25.82532,
        76.32182,
        26.04275,
        76.31394,
        26.18827,
        76.23142
      ],
      "segments": [
        1,
        2,
        4,
        2,
        4,
        2,
        4,
        2,
        4
      ]
    },
    {
      "type": "shape",
      "background": "#ffffff",
      "shadowColor": "#1ABC9C",
      "points": [
        23.95201,
        74.9176,
        25.22816,
        74.19375,
        25.37369,
        74.11192,
        25.39046,
        73.98557,
        25.26549,
        73.91229,
        23.79039,
        73.04634,
        23.66678,
        72.97273,
        23.44798,
        72.98026,
        23.30349,
        73.06244,
        22.02665,
        73.78697,
        21.88147,
        73.86915,
        21.86538,
        73.99447,
        21.99001,
        74.06775,
        23.46442,
        74.9337,
        23.58837,
        75.00731,
        23.80649,
        75.00012,
        23.95201,
        74.9176
      ],
      "segments": [
        1,
        2,
        4,
        2,
        4,
        2,
        4,
        2,
        4
      ]
    },
    {
      "type": "shape",
      "background": "#ffffff",
      "shadowColor": "#1ABC9C",
      "points": [
        31.28296,
        76.66662,
        32.55946,
        75.9438,
        32.70464,
        75.86162,
        32.72142,
        75.73459,
        32.59678,
        75.662,
        31.12237,
        74.79536,
        30.99808,
        74.72277,
        30.77928,
        74.72996,
        30.63478,
        74.81214,
        29.3576,
        75.53599,
        29.21311,
        75.61817,
        29.19633,
        75.74417,
        29.32131,
        75.81677,
        30.79537,
        76.6834,
        30.92001,
        76.75633,
        31.13846,
        76.7488,
        31.28296,
        76.66662
      ],
      "segments": [
        1,
        2,
        4,
        2,
        4,
        2,
        4,
        2,
        4
      ]
    },
    {
      "type": "shape",
      "background": "#ffffff",
      "shadowColor": "#1ABC9C",
      "points": [
        29.04738,
        75.3528,
        30.32388,
        74.62895,
        30.46837,
        74.54677,
        30.48515,
        74.42077,
        30.36086,
        74.34749,
        28.88645,
        73.48154,
        28.76181,
        73.40793,
        28.54301,
        73.41546,
        28.39852,
        73.49764,
        27.12236,
        74.22217,
        26.97684,
        74.30435,
        26.96006,
        74.42967,
        27.0847,
        74.50295,
        28.55911,
        75.3689,
        28.68409,
        75.44251,
        28.9022,
        75.43498,
        29.04738,
        75.3528
      ],
      "segments": [
        1,
        2,
        4,
        2,
        4,
        2,
        4,
        2,
        4
      ]
    },
    {
      "type": "shape",
      "background": "#ffffff",
      "shadowColor": "#1ABC9C",
      "points": [
        26.81111,
        74.0383,
        28.08727,
        73.31513,
        28.23279,
        73.2333,
        28.24957,
        73.10626,
        28.12493,
        73.03367,
        26.03351,
        71.80443,
        25.90818,
        71.73184,
        25.69007,
        71.73903,
        25.54489,
        71.82121,
        24.26839,
        72.54437,
        24.1239,
        72.62724,
        24.10712,
        72.75324,
        24.23176,
        72.82583,
        26.32284,
        74.05508,
        26.44782,
        74.12767,
        26.66559,
        74.12048,
        26.81111,
        74.0383
      ],
      "segments": [
        1,
        2,
        4,
        2,
        4,
        2,
        4,
        2,
        4
      ]
    },
    {
      "type": "shape",
      "background": "#ffffff",
      "shadowColor": "#1ABC9C",
      "points": [
        23.90613,
        72.33208,
        25.18262,
        71.60789,
        25.32815,
        71.52571,
        25.34492,
        71.3997,
        25.21994,
        71.32609,
        23.74485,
        70.46014,
        23.62124,
        70.38686,
        23.40244,
        70.39405,
        23.25726,
        70.47623,
        21.98077,
        71.20008,
        21.83627,
        71.28226,
        21.81949,
        71.40826,
        21.94344,
        71.48188,
        23.41854,
        72.34783,
        23.54317,
        72.42111,
        23.76095,
        72.41426,
        23.90613,
        72.33208
      ],
      "segments": [
        1,
        2,
        4,
        2,
        4,
        2,
        4,
        2,
        4
      ]
    },
    {
      "type": "shape",
      "background": "#ffffff",
      "shadowColor": "#1ABC9C",
      "points": [
        21.69006,
        73.58838,
        22.96656,
        72.86521,
        23.11174,
        72.78303,
        23.12852,
        72.65703,
        23.00388,
        72.58375,
        21.52947,
        71.71677,
        21.40518,
        71.64418,
        21.18638,
        71.65137,
        21.04188,
        71.73355,
        19.7647,
        72.4574,
        19.62021,
        72.53958,
        19.60343,
        72.66559,
        19.72841,
        72.73852,
        21.20247,
        73.60515,
        21.32677,
        73.67809,
        21.54454,
        73.67055,
        21.69006,
        73.58838
      ],
      "segments": [
        1,
        2,
        4,
        2,
        4,
        2,
        4,
        2,
        4
      ]
    },
    {
      "type": "shape",
      "background": "#ffffff",
      "shadowColor": "#1ABC9C",
      "points": [
        19.47331,
        74.84535,
        20.74947,
        74.1215,
        20.89465,
        74.04035,
        20.91177,
        73.91332,
        20.78679,
        73.84073,
        19.31238,
        72.9741,
        19.18809,
        72.9015,
        18.96929,
        72.9087,
        18.82479,
        72.99087,
        17.54796,
        73.71472,
        17.40346,
        73.7969,
        17.38668,
        73.92291,
        17.51132,
        73.9955,
        18.98573,
        74.86213,
        19.11002,
        74.93472,
        19.32882,
        74.92753,
        19.47331,
        74.84535
      ],
      "segments": [
        1,
        2,
        4,
        2,
        4,
        2,
        4,
        2,
        4
      ]
    },
    {
      "type": "shape",
      "background": "#61c6ef",
      "shadowColor": "#1ABC9C",
      "points": [
        85.75114,
        69.61576,
        29.91744,
        37.38012,
        29.91744,
        4.49321,
        85.75114,
        36.72886,
        85.75114,
        69.61576,
        85.75114,
        69.61576
      ]
    },
    {
      "type": "shape",
      "background": "#68696b",
      "shadowColor": "#1ABC9C",
      "points": [
        59.12551,
        60.98674,
        59.12551,
        60.53579,
        59.39019,
        60.31288,
        59.74938,
        60.40259,
        59.471,
        59.71675,
        58.97177,
        59.07439,
        58.39652,
        58.7426,
        57.51928,
        58.23583,
        56.80809,
        58.64159,
        56.80809,
        59.64861,
        56.80809,
        60.65529,
        57.51928,
        61.88282,
        58.39652,
        62.38924,
        58.97211,
        62.72104,
        59.471,
        62.65564,
        59.74938,
        62.29234,
        59.39019,
        61.96603,
        59.12551,
        61.43735,
        59.12551,
        60.98674
      ],
      "segments": [
        1,
        4,
        4,
        4,
        4,
        4,
        4
      ]
    },
    {
      "type": "shape",
      "background": "rgba(255,255,255,0.2)",
      "gradientColor": null,
      "shadowColor": "#1ABC9C",
      "points": [
        88.11547,
        39.76636,
        88.11547,
        36.80179,
        86.02096,
        33.18939,
        83.43749,
        31.69786,
        56.11883,
        15.92587,
        60.56842,
        24.81923,
        66.51228,
        40.04645,
        70.93208,
        63.75648,
        88.11581,
        73.67809,
        88.11581,
        39.76636,
        88.11547,
        39.76636
      ],
      "segments": [
        1,
        4,
        2,
        4,
        2,
        2,
        2
      ]
    }
  ]
}