{
  "background": "rgb(120,120,120)",
  "width": 100,
  "height": 100,
  "comps": [
    {
      "type": "shape",
      "background": "rgb(16,147,199)",
      "shadowColor": "#1ABC9C",
      "points": [
        71.85554,
        8.74448,
        71.85554,
        76.82951,
        34.83339,
        98.23107,
        34.83339,
        30.15027,
        71.85554,
        8.74448,
        71.85554,
        8.74448
      ]
    },
    {
      "type": "shape",
      "background": "rgb(15,114,153)",
      "shadowColor": "#1ABC9C",
      "points": [
        24,
        24.05351,
        24,
        91.96782,
        34.83339,
        98.23107,
        34.83339,
        30.15027,
        24.28933,
        24.05351
      ]
    },
    {
      "type": "shape",
      "background": "rgb(98,200,240)",
      "shadowColor": "#1ABC9C",
      "points": [
        62.00816,
        3,
        24.44243,
        24.09305,
        34.83339,
        30.09971,
        71.85554,
        8.69392,
        62.00816,
        3
      ]
    },
    {
      "type": "shape",
      "background": "rgb(122,214,250)",
      "shadowColor": "#1ABC9C",
      "points": [
        62.47085,
        3,
        31.43824,
        20.42472,
        54.16527,
        19.18976,
        72.31823,
        8.69392,
        62.47085,
        3
      ]
    },
    {
      "type": "shape",
      "background": "rgb(156,221,247)",
      "fillRule": "evenodd",
      "shadowColor": "#1ABC9C",
      "rotation": 4.18614,
      "points": [
        39.29336,
        72.5206,
        38.66593,
        64.27313,
        28.66515,
        64.35373,
        27.37755,
        70.74215,
        27.4103,
        84.8246,
        34.00654,
        78.16754,
        33.3573,
        86.46333,
        24.22399,
        96.37102,
        15.28711,
        87.27466,
        15.28711,
        78.37171,
        21.53965,
        85.10399,
        21.53965,
        85.10399,
        20.90763,
        82.54085,
        20.84676,
        69.27535,
        20.7859,
        56.00984,
        42.87268,
        56.15312,
        45.2731,
        68.46404,
        46.21022,
        73.27022,
        46.4865,
        76.93094,
        46.58724,
        76.75752
      ],
      "segments": [
        1,
        4,
        2,
        2,
        2,
        2,
        2,
        2,
        2,
        4,
        4,
        4
      ]
    },
    {
      "type": "shape",
      "background": "rgb(150,199,72)",
      "fillRule": "evenodd",
      "shadowColor": "#1ABC9C",
      "scaleX": -1,
      "rotation": 0.99423,
      "points": [
        81.11923,
        30.0905,
        78.89735,
        24.4042,
        70.88598,
        25.10392,
        69.7428,
        30.77578,
        69.77555,
        44.85823,
        76.37178,
        38.20118,
        75.72254,
        46.49697,
        66.58924,
        56.40465,
        57.65236,
        47.30829,
        57.65236,
        38.40535,
        63.9049,
        45.13762,
        63.9049,
        45.13762,
        63.27287,
        42.57449,
        63.21201,
        29.30898,
        63.15488,
        16.85714,
        82.61179,
        16.21962,
        86.98411,
        26.36996
      ],
      "segments": [
        1,
        4,
        2,
        2,
        2,
        2,
        2,
        2,
        2,
        4,
        4
      ]
    }
  ]
}