{
  "width": 1252,
  "height": 810,
  "comps": [
    {
      "type": "shape",
      "background": "rgb(54,56,64)",
      "borderColor": "#979797",
      "shadowColor": "#1ABC9C",
      "points": [
        633.41784,
        809.86284,
        1252,
        453.02553,
        1252,
        428.0668,
        14.83569,
        428.0668,
        14.83569,
        446.9414,
        633.41784,
        809.86284
      ]
    },
    {
      "type": "shape",
      "background": "rgb(156,147,143)",
      "borderColor": "#979797",
      "gradient": "radial.center",
      "gradientColor": "rgb(252,247,245)",
      "shadowColor": "#1ABC9C",
      "points": [
        633.41784,
        784.92391,
        1252,
        429.02446,
        633.41784,
        71.20968,
        14.83569,
        429.02446,
        633.41784,
        784.92391
      ]
    },
    {
      "type": "shape",
      "background": "rgb(103,104,110)",
      "borderColor": "#979797",
      "shadowColor": "#1ABC9C",
      "points": [
        633.41784,
        810,
        633.41784,
        784.92391,
        14.83569,
        428.0668,
        14.78956,
        451.01508,
        633.41784,
        810
      ]
    },
    {
      "type": "shape",
      "background": "rgba(73,145,227,0.30)",
      "borderColor": "#979797",
      "shadowColor": "#1ABC9C",
      "points": [
        153.46291,
        286.9414,
        638.81965,
        6.9414,
        638.81965,
        126.9414,
        153.46291,
        406.9414,
        153.46291,
        286.9414
      ]
    },
    {
      "type": "shape",
      "background": "#4A4A4A",
      "borderColor": "#979797",
      "shadowColor": "#1ABC9C",
      "points": [
        638.81965,
        121.81174,
        638.81965,
        126.9414,
        153.46291,
        406.9414,
        153.46291,
        400.53625
      ]
    },
    {
      "type": "shape",
      "background": "rgba(148,188,235,0.38)",
      "borderColor": "#979797",
      "shadowColor": "#1ABC9C",
      "scaleX": -1,
      "points": [
        638.81965,
        286.9414,
        1124.17639,
        6.9414,
        1124.17639,
        126.9414,
        638.81965,
        406.9414
      ]
    },
    {
      "type": "shape",
      "background": "rgba(128,185,255,0.43)",
      "borderColor": "#979797",
      "shadowColor": "#1ABC9C",
      "points": [
        153.46291,
        286.96283,
        638.81965,
        6.96283,
        638.81965,
        2.9414,
        149.99608,
        284.9414,
        153.46291,
        286.96283
      ]
    },
    {
      "type": "shape",
      "background": "rgba(128,185,255,0.43)",
      "borderColor": "#979797",
      "shadowColor": "#1ABC9C",
      "scaleX": -1,
      "points": [
        642.28648,
        286.96283,
        1127.64322,
        6.96283,
        1127.64322,
        2.9414,
        638.81965,
        284.9414,
        642.28648,
        286.96283
      ]
    },
    {
      "type": "shape",
      "background": "#4A4A4A",
      "borderColor": "#979797",
      "shadowColor": "#1ABC9C",
      "scaleX": -1,
      "points": [
        1124.17639,
        121.81174,
        1124.17639,
        126.9414,
        638.81965,
        406.9414,
        638.81965,
        400.53625
      ]
    },
    {
      "type": "shape",
      "background": "rgb(97,97,97)",
      "borderColor": "#979797",
      "shadowColor": "#1ABC9C",
      "points": [
        638.81965,
        121.81174,
        638.81965,
        118.9414,
        149.99608,
        398.9414,
        153.46291,
        400.9414
      ]
    },
    {
      "type": "shape",
      "background": "rgba(37,105,184,0.72)",
      "borderColor": "#979797",
      "shadowColor": "#1ABC9C",
      "points": [
        153.46291,
        286.9414,
        149.99608,
        284.9414,
        149.99608,
        404.9414,
        153.46291,
        406.9414
      ]
    },
    {
      "type": "shape",
      "background": "rgb(61,61,61)",
      "borderColor": "#979797",
      "shadowColor": "#1ABC9C",
      "points": [
        149.99608,
        398.9414,
        149.99608,
        404.9414,
        153.46291,
        406.9414,
        153.46291,
        400.9414
      ]
    },
    {
      "type": "shape",
      "background": "rgb(97,97,97)",
      "borderColor": "#979797",
      "shadowColor": "#1ABC9C",
      "scaleX": -1,
      "points": [
        1127.64322,
        121.81174,
        1127.64322,
        118.9414,
        638.81965,
        398.9414,
        642.28648,
        400.9414
      ]
    },
    {
      "type": "shape",
      "background": "rgba(37,105,184,0.72)",
      "borderColor": "#979797",
      "shadowColor": "#1ABC9C",
      "scaleX": -1,
      "points": [
        1127.64322,
        286.9414,
        1124.17639,
        284.9414,
        1124.17639,
        404.9414,
        1127.64322,
        406.9414
      ]
    },
    {
      "type": "shape",
      "background": "#9B9B9B",
      "borderColor": "#979797",
      "shadowColor": "#1ABC9C",
      "scaleX": -1,
      "points": [
        1124.17639,
        398.9414,
        1124.17639,
        404.9414,
        1127.64322,
        406.9414,
        1127.64322,
        400.9414
      ]
    },
    {
      "type": "shape",
      "background": "rgb(232,222,218)",
      "borderColor": "#979797",
      "gradient": "radial.center",
      "gradientColor": "rgb(252,247,245)",
      "shadowColor": "#1ABC9C",
      "points": [
        638.81965,
        686.9414,
        1124.17639,
        406.9414,
        638.81965,
        126.22718,
        154.56538,
        406.34087,
        638.81965,
        686.9414
      ]
    },
    {
      "type": "shape",
      "background": "rgba(73,142,227,0.28)",
      "borderColor": "#979797",
      "shadowColor": "#1ABC9C",
      "points": [
        16.52297,
        335.79824,
        32.12373,
        356.79824,
        35.59056,
        346.79824,
        52.92473,
        344.79824
      ]
    },
    {
      "type": "shape",
      "background": "rgba(73,142,227,0.28)",
      "borderColor": "#979797",
      "shadowColor": "#1ABC9C",
      "points": [
        16.52297,
        335.79824,
        35.59056,
        346.79824,
        52.92473,
        344.79824
      ]
    },
    {
      "type": "text",
      "text": "北",
      "color": "rgb(255,255,255)",
      "rect": [
        0,
        320.73124,
        16.52297,
        20.378
      ]
    }
  ]
}