{
  "width": 100,
  "height": 100,
  "comps": [
    {
      "type": "shape",
      "background": "rgb(145,146,148)",
      "shadowColor": "#1ABC9C",
      "points": [
        44.58862,
        72.56977,
        44.58862,
        93.57795,
        2.45601,
        69.13876,
        2.69416,
        48.74795,
        44.58862,
        72.56977
      ]
    },
    {
      "type": "shape",
      "background": "rgb(230,230,230)",
      "shadowColor": "#1ABC9C",
      "points": [
        97.23917,
        41.95099,
        44.21632,
        72.56279,
        2.69416,
        48.7088,
        55.71699,
        18.09591,
        97.23917,
        41.95099
      ]
    },
    {
      "type": "shape",
      "background": "rgb(184,184,184)",
      "shadowColor": "#1ABC9C",
      "points": [
        97.30584,
        63,
        44.1959,
        93.65913,
        44.1959,
        72.51227,
        97.30584,
        41.85207,
        97.30584,
        63
      ]
    },
    {
      "type": "shape",
      "background": "#283539",
      "shadowColor": "#1ABC9C",
      "points": [
        95.3529,
        53.59842,
        46.14885,
        82.00278,
        46.14885,
        73.73469,
        95.3529,
        45.32935,
        95.3529,
        53.59842
      ]
    },
    {
      "type": "shape",
      "background": "#3b4548",
      "shadowColor": "#1ABC9C",
      "points": [
        60.39963,
        70.93086,
        48.00972,
        78.08437,
        48.00972,
        74.88771,
        60.39963,
        67.73311,
        60.39963,
        70.93086
      ]
    },
    {
      "type": "shape",
      "background": "#3b4548",
      "shadowColor": "#1ABC9C",
      "points": [
        73.95613,
        63.10424,
        61.5641,
        70.25776,
        61.5641,
        67.06111,
        73.95613,
        59.90651,
        73.95613,
        63.10424
      ]
    },
    {
      "type": "shape",
      "background": "#3b4548",
      "shadowColor": "#1ABC9C",
      "points": [
        87.51156,
        55.27765,
        75.12167,
        62.43223,
        75.12167,
        59.2345,
        87.51156,
        52.08098,
        87.51156,
        55.27765
      ]
    },
    {
      "type": "shape",
      "background": "#00ff00",
      "shadowColor": "#1ABC9C",
      "points": [
        49.59823,
        72.88429,
        49.59823,
        73.27484,
        49.32744,
        73.74088,
        48.99034,
        73.938,
        48.65691,
        74.13141,
        48.38244,
        73.97482,
        48.38244,
        73.58615,
        48.38244,
        73.20114,
        48.65691,
        72.72958,
        48.99034,
        72.53799,
        49.32744,
        72.34087,
        49.59823,
        72.49932,
        49.59823,
        72.88429
      ],
      "segments": [
        1,
        4,
        4,
        4,
        4
      ]
    },
    {
      "type": "shape",
      "background": "#00ff00",
      "shadowColor": "#1ABC9C",
      "points": [
        63.12995,
        65.07575,
        63.13179,
        65.4589,
        62.85732,
        65.93048,
        62.52206,
        66.1239,
        62.18865,
        66.31549,
        61.91784,
        66.16074,
        61.91784,
        65.77574,
        61.91784,
        65.38521,
        62.18865,
        64.91548,
        62.52206,
        64.72205,
        62.85732,
        64.53048,
        63.13179,
        64.68706,
        63.12995,
        65.07575
      ],
      "segments": [
        1,
        4,
        4,
        4,
        4
      ]
    },
    {
      "type": "shape",
      "background": "#00ff00",
      "shadowColor": "#1ABC9C",
      "points": [
        76.67686,
        57.25115,
        76.67686,
        57.63982,
        76.40421,
        58.1114,
        76.06896,
        58.30298,
        75.73369,
        58.5001,
        75.46107,
        58.33983,
        75.46107,
        57.95116,
        75.46107,
        57.56613,
        75.73369,
        57.09456,
        76.06896,
        56.90301,
        76.40421,
        56.70773,
        76.67686,
        56.8643,
        76.67686,
        57.25115
      ],
      "segments": [
        1,
        4,
        4,
        4,
        4
      ]
    },
    {
      "type": "shape",
      "background": "#283539",
      "shadowColor": "#1ABC9C",
      "points": [
        95.3529,
        64.06376,
        46.14885,
        92.46812,
        46.14885,
        84.20003,
        95.3529,
        55.79469,
        95.3529,
        64.06376
      ]
    },
    {
      "type": "shape",
      "background": "#3b4548",
      "shadowColor": "#1ABC9C",
      "points": [
        60.39963,
        81.39621,
        48.00972,
        88.54971,
        48.00972,
        85.35306,
        60.39963,
        78.19846,
        60.39963,
        81.39621
      ]
    },
    {
      "type": "shape",
      "background": "#3b4548",
      "shadowColor": "#1ABC9C",
      "points": [
        73.95613,
        73.56958,
        61.5641,
        80.7231,
        61.5641,
        77.52646,
        73.95613,
        70.37186,
        73.95613,
        73.56958
      ]
    },
    {
      "type": "shape",
      "background": "#3b4548",
      "shadowColor": "#1ABC9C",
      "points": [
        87.51156,
        65.743,
        75.12167,
        72.89757,
        75.12167,
        69.69984,
        87.51156,
        62.54632,
        87.51156,
        65.743
      ]
    },
    {
      "type": "shape",
      "background": "#00ff00",
      "shadowColor": "#1ABC9C",
      "points": [
        49.59823,
        83.34963,
        49.59823,
        83.74019,
        49.32744,
        84.20622,
        48.99034,
        84.40334,
        48.65691,
        84.59675,
        48.38244,
        84.44017,
        48.38244,
        84.05149,
        48.38244,
        83.66649,
        48.65691,
        83.19493,
        48.99034,
        83.00334,
        49.32744,
        82.80622,
        49.59823,
        82.96467,
        49.59823,
        83.34963
      ],
      "segments": [
        1,
        4,
        4,
        4,
        4
      ]
    },
    {
      "type": "shape",
      "background": "#00ff00",
      "shadowColor": "#1ABC9C",
      "points": [
        63.12995,
        75.54109,
        63.13179,
        75.92424,
        62.85732,
        76.39583,
        62.52206,
        76.58924,
        62.18865,
        76.78084,
        61.91784,
        76.62608,
        61.91784,
        76.24109,
        61.91784,
        75.85055,
        62.18865,
        75.38082,
        62.52206,
        75.1874,
        62.85732,
        74.99583,
        63.13179,
        75.1524,
        63.12995,
        75.54109
      ],
      "segments": [
        1,
        4,
        4,
        4,
        4
      ]
    },
    {
      "type": "shape",
      "background": "#00ff00",
      "shadowColor": "#1ABC9C",
      "points": [
        76.67686,
        67.7165,
        76.67686,
        68.10516,
        76.40421,
        68.57674,
        76.06896,
        68.76832,
        75.73369,
        68.96544,
        75.46107,
        68.80517,
        75.46107,
        68.4165,
        75.46107,
        68.03147,
        75.73369,
        67.5599,
        76.06896,
        67.36836,
        76.40421,
        67.17307,
        76.67686,
        67.32964,
        76.67686,
        67.7165
      ],
      "segments": [
        1,
        4,
        4,
        4,
        4
      ]
    },
    {
      "type": "shape",
      "background": "#00ff00",
      "shadowColor": "#1ABC9C",
      "points": [
        92.95633,
        60.77641,
        92.95633,
        61.16142,
        92.68188,
        61.63668,
        92.34846,
        61.82643,
        92.01135,
        62.02169,
        91.74056,
        61.86142,
        91.74056,
        61.47643,
        91.74056,
        61.09142,
        92.01135,
        60.61616,
        92.34846,
        60.42458,
        92.68188,
        60.23115,
        92.95633,
        60.3859,
        92.95633,
        60.77641
      ],
      "segments": [
        1,
        4,
        4,
        4,
        4
      ]
    },
    {
      "type": "shape",
      "background": "#00ff00",
      "shadowColor": "#1ABC9C",
      "points": [
        94.25943,
        60.02083,
        94.25943,
        60.40952,
        93.99052,
        60.8811,
        93.65156,
        61.07269,
        93.31812,
        61.26979,
        93.04918,
        61.11138,
        93.04918,
        60.72453,
        93.04918,
        60.33584,
        93.31812,
        59.86426,
        93.65156,
        59.67268,
        93.99052,
        59.47557,
        94.25943,
        59.63584,
        94.25943,
        60.02083
      ],
      "segments": [
        1,
        4,
        4,
        4,
        4
      ]
    },
    {
      "type": "shape",
      "background": "rgb(98,200,240)",
      "shadowColor": "#1ABC9C",
      "points": [
        52.84663,
        86.2057,
        92.34844,
        63.40005,
        92.34844,
        65.74296,
        52.84663,
        88.54971,
        52.84663,
        86.2057
      ]
    },
    {
      "type": "shape",
      "background": "#4d4d4d",
      "shadowColor": "#1ABC9C",
      "points": [
        35.03258,
        51.52071,
        26.04974,
        56.70773,
        12.50571,
        48.88774,
        21.26021,
        43.83322,
        22.97841,
        44.82552,
        16.05487,
        48.8229,
        20.08467,
        51.15001,
        26.60791,
        47.38379,
        28.32611,
        48.37608,
        21.80287,
        52.14231,
        26.23016,
        54.69776,
        33.38204,
        50.56788,
        35.03258,
        51.52071,
        35.03258,
        51.52071
      ]
    },
    {
      "type": "shape",
      "background": "#4d4d4d",
      "shadowColor": "#1ABC9C",
      "points": [
        42.24225,
        47.357,
        26.68684,
        42.60553,
        26.62905,
        42.63795,
        38.52254,
        49.5037,
        36.80716,
        50.496,
        23.26313,
        42.676,
        26.18083,
        40.99163,
        40.7975,
        45.59793,
        40.85529,
        45.56551,
        32.76185,
        37.19299,
        35.73734,
        35.47479,
        49.28137,
        43.29478,
        47.5082,
        44.3195,
        35.61612,
        37.45375,
        35.55833,
        37.48617,
        36.34343,
        38.20361,
        39.14414,
        41.165,
        43.96045,
        46.36753,
        42.24225,
        47.357,
        42.24225,
        47.357
      ],
      "segments": [
        1,
        2,
        2,
        2,
        2,
        2,
        2,
        2,
        2,
        2,
        2,
        2,
        2,
        2,
        2,
        4,
        2,
        2
      ]
    },
    {
      "type": "shape",
      "background": "#4d4d4d",
      "shadowColor": "#1ABC9C",
      "points": [
        52.38513,
        30.28636,
        51.14052,
        31.61554,
        48.92195,
        30.86286,
        46.96695,
        30.92347,
        45.27553,
        31.79736,
        43.20072,
        33.19842,
        43.73916,
        34.89689,
        46.89083,
        36.89276,
        50.30891,
        38.73359,
        53.25339,
        39.06905,
        55.72427,
        37.89634,
        57.51153,
        36.81383,
        57.47207,
        35.51426,
        55.60728,
        33.99621,
        57.97526,
        33.31541,
        60.39963,
        35.37612,
        60.19807,
        37.21977,
        57.37622,
        38.84917,
        53.6847,
        40.72524,
        49.56328,
        40.46025,
        45.01195,
        38.05279,
        40.7538,
        35.37471,
        40.24779,
        32.94612,
        43.49249,
        30.76701,
        46.02116,
        29.40965,
        48.98537,
        29.24896,
        52.38513,
        30.28636,
        52.38513,
        30.28636
      ],
      "segments": [
        1,
        2,
        4,
        4,
        4,
        4,
        2,
        4,
        4,
        4,
        4,
        2
      ]
    }
  ]
}