{
  "width": 1252,
  "height": 810,
  "comps": [
    {
      "type": "shape",
      "background": "rgba(73,142,227,0.28)",
      "borderColor": "#979797",
      "shadowColor": "#1ABC9C",
      "points": [
        807.34839,
        612.95425,
        807.34839,
        632.95425,
        819.47534,
        625.95275,
        838.5253,
        634.95425,
        845.45351,
        630.95425,
        829.89595,
        619.93641,
        841.98941,
        612.95425,
        807.34839,
        612.95425
      ]
    },
    {
      "type": "shape",
      "background": "rgb(61,61,61)",
      "borderColor": "#979797",
      "shadowColor": "#1ABC9C",
      "points": [
        150.90113,
        400.95425,
        150.90113,
        406.95425,
        154.36524,
        408.95425,
        154.36524,
        402.95425
      ]
    },
    {
      "type": "shape",
      "background": "#9B9B9B",
      "borderColor": "#979797",
      "shadowColor": "#1ABC9C",
      "scaleX": -1,
      "points": [
        1124.31369,
        400.95425,
        1124.31369,
        406.95425,
        1127.77779,
        408.95425,
        1127.77779,
        402.95425
      ]
    },
    {
      "type": "shape",
      "background": "#4A4A4A",
      "borderColor": "#979797",
      "shadowColor": "#1ABC9C",
      "points": [
        760.68597,
        618.89481,
        639.33946,
        688.95425,
        639.33946,
        682.95425,
        760.58302,
        612.95425
      ]
    },
    {
      "type": "shape",
      "background": "#4A4A4A",
      "borderColor": "#979797",
      "shadowColor": "#1ABC9C",
      "points": [
        1127.77779,
        406.95425,
        829.86505,
        578.95425,
        829.86505,
        572.95425,
        1127.77779,
        400.95425
      ]
    },
    {
      "type": "shape",
      "background": "rgb(61,61,61)",
      "borderColor": "#979797",
      "shadowColor": "#1ABC9C",
      "points": [
        826.40095,
        570.95425,
        826.40095,
        576.95425,
        829.86505,
        578.95425,
        829.86505,
        572.95425
      ]
    },
    {
      "type": "shape",
      "background": "rgba(83,120,166,0.43)",
      "borderColor": "#979797",
      "shadowColor": "#1ABC9C",
      "points": [
        829.86523,
        458.95414,
        1124.31369,
        288.95425,
        1120.84959,
        286.95425,
        826.38523,
        456.95022,
        757.11892,
        496.95425,
        639.32881,
        564.9604,
        157.82934,
        286.95425,
        154.36524,
        288.95425,
        639.33946,
        568.95425,
        760.58302,
        498.95425
      ],
      "segments": [
        1,
        2,
        2,
        2,
        1,
        2,
        2,
        2,
        2,
        2
      ]
    },
    {
      "type": "shape",
      "background": "#4A4A4A",
      "borderColor": "#979797",
      "shadowColor": "#1ABC9C",
      "scaleX": -1,
      "points": [
        639.33946,
        400.95425,
        639.33946,
        406.95425,
        150.96133,
        688.97568,
        150.96133,
        682.95425
      ]
    },
    {
      "type": "shape",
      "background": "rgb(97,97,97)",
      "borderColor": "#979797",
      "shadowColor": "#1ABC9C",
      "scaleX": -1,
      "points": [
        760.58302,
        403.82459,
        760.58302,
        400.95425,
        275.61485,
        678.96496,
        157.82934,
        610.95425,
        154.36524,
        612.95425,
        275.60879,
        682.95425
      ]
    },
    {
      "type": "shape",
      "background": "rgb(97,97,97)",
      "borderColor": "#979797",
      "shadowColor": "#1ABC9C",
      "scaleX": -1,
      "points": [
        1124.31369,
        570.95425,
        829.86505,
        400.95425,
        826.40095,
        402.95425,
        1120.84959,
        572.95425
      ]
    },
    {
      "type": "shape",
      "background": "rgba(103,134,171,0.43)",
      "borderColor": "#979797",
      "shadowColor": "#1ABC9C",
      "points": [
        829.86505,
        458.95425,
        826.40095,
        456.95425,
        826.40095,
        576.95425,
        829.86505,
        578.95425
      ]
    },
    {
      "type": "shape",
      "background": "rgba(148,190,235,0.44)",
      "borderColor": "#979797",
      "shadowColor": "#1ABC9C",
      "scaleX": -1,
      "points": [
        639.33946,
        409.44459,
        639.33946,
        289.44459,
        933.7881,
        459.44459,
        933.7881,
        579.44459,
        1003.07013,
        499.44459,
        1124.31369,
        569.44459,
        1124.31369,
        689.44459,
        1003.02003,
        619.41566
      ],
      "segments": [
        1,
        2,
        2,
        2,
        1,
        2,
        2,
        2
      ]
    },
    {
      "type": "shape",
      "background": "rgba(148,190,235,0.17)",
      "borderColor": "#979797",
      "shadowColor": "#1ABC9C",
      "points": [
        154.36524,
        289.46602,
        639.33946,
        569.46602,
        639.33946,
        689.46602,
        154.36524,
        409.46602
      ]
    }
  ]
}