{
  "width": 100,
  "height": 100,
  "comps": [
    {
      "type": "shape",
      "background": "rgb(145,146,148)",
      "shadowColor": "#1ABC9C",
      "points": [
        44.58862,
        72.56977,
        44.58862,
        93.57795,
        2.45601,
        69.13876,
        2.69416,
        48.74795,
        44.58862,
        72.56977
      ]
    },
    {
      "type": "shape",
      "background": "rgb(230,230,230)",
      "shadowColor": "#1ABC9C",
      "points": [
        97.23917,
        41.95099,
        44.21632,
        72.56279,
        2.69416,
        48.7088,
        55.71699,
        18.09591,
        97.23917,
        41.95099
      ]
    },
    {
      "type": "shape",
      "background": "rgb(184,184,184)",
      "shadowColor": "#1ABC9C",
      "points": [
        97.30584,
        63,
        44.1959,
        93.65913,
        44.1959,
        72.51227,
        97.30584,
        41.85207,
        97.30584,
        63
      ]
    },
    {
      "type": "shape",
      "background": "#283539",
      "shadowColor": "#1ABC9C",
      "points": [
        95.3529,
        53.59842,
        46.14885,
        82.00278,
        46.14885,
        73.73469,
        95.3529,
        45.32935,
        95.3529,
        53.59842
      ]
    },
    {
      "type": "shape",
      "background": "#3b4548",
      "shadowColor": "#1ABC9C",
      "points": [
        60.39963,
        70.93086,
        48.00972,
        78.08437,
        48.00972,
        74.88771,
        60.39963,
        67.73311,
        60.39963,
        70.93086
      ]
    },
    {
      "type": "shape",
      "background": "#3b4548",
      "shadowColor": "#1ABC9C",
      "points": [
        73.95613,
        63.10424,
        61.5641,
        70.25776,
        61.5641,
        67.06111,
        73.95613,
        59.90651,
        73.95613,
        63.10424
      ]
    },
    {
      "type": "shape",
      "background": "#3b4548",
      "shadowColor": "#1ABC9C",
      "points": [
        87.51156,
        55.27765,
        75.12167,
        62.43223,
        75.12167,
        59.2345,
        87.51156,
        52.08098,
        87.51156,
        55.27765
      ]
    },
    {
      "type": "shape",
      "background": "#00ff00",
      "shadowColor": "#1ABC9C",
      "points": [
        49.59823,
        72.88429,
        49.59823,
        73.27484,
        49.32744,
        73.74088,
        48.99034,
        73.938,
        48.65691,
        74.13141,
        48.38244,
        73.97482,
        48.38244,
        73.58615,
        48.38244,
        73.20114,
        48.65691,
        72.72958,
        48.99034,
        72.53799,
        49.32744,
        72.34087,
        49.59823,
        72.49932,
        49.59823,
        72.88429
      ],
      "segments": [
        1,
        4,
        4,
        4,
        4
      ]
    },
    {
      "type": "shape",
      "background": "#00ff00",
      "shadowColor": "#1ABC9C",
      "points": [
        63.12995,
        65.07575,
        63.13179,
        65.4589,
        62.85732,
        65.93048,
        62.52206,
        66.1239,
        62.18865,
        66.31549,
        61.91784,
        66.16074,
        61.91784,
        65.77574,
        61.91784,
        65.38521,
        62.18865,
        64.91548,
        62.52206,
        64.72205,
        62.85732,
        64.53048,
        63.13179,
        64.68706,
        63.12995,
        65.07575
      ],
      "segments": [
        1,
        4,
        4,
        4,
        4
      ]
    },
    {
      "type": "shape",
      "background": "#00ff00",
      "shadowColor": "#1ABC9C",
      "points": [
        76.67686,
        57.25115,
        76.67686,
        57.63982,
        76.40421,
        58.1114,
        76.06896,
        58.30298,
        75.73369,
        58.5001,
        75.46107,
        58.33983,
        75.46107,
        57.95116,
        75.46107,
        57.56613,
        75.73369,
        57.09456,
        76.06896,
        56.90301,
        76.40421,
        56.70773,
        76.67686,
        56.8643,
        76.67686,
        57.25115
      ],
      "segments": [
        1,
        4,
        4,
        4,
        4
      ]
    },
    {
      "type": "shape",
      "background": "#283539",
      "shadowColor": "#1ABC9C",
      "points": [
        95.3529,
        64.06376,
        46.14885,
        92.46812,
        46.14885,
        84.20003,
        95.3529,
        55.79469,
        95.3529,
        64.06376
      ]
    },
    {
      "type": "shape",
      "background": "#3b4548",
      "shadowColor": "#1ABC9C",
      "points": [
        60.39963,
        81.39621,
        48.00972,
        88.54971,
        48.00972,
        85.35306,
        60.39963,
        78.19846,
        60.39963,
        81.39621
      ]
    },
    {
      "type": "shape",
      "background": "#3b4548",
      "shadowColor": "#1ABC9C",
      "points": [
        73.95613,
        73.56958,
        61.5641,
        80.7231,
        61.5641,
        77.52646,
        73.95613,
        70.37186,
        73.95613,
        73.56958
      ]
    },
    {
      "type": "shape",
      "background": "#3b4548",
      "shadowColor": "#1ABC9C",
      "points": [
        87.51156,
        65.743,
        75.12167,
        72.89757,
        75.12167,
        69.69984,
        87.51156,
        62.54632,
        87.51156,
        65.743
      ]
    },
    {
      "type": "shape",
      "background": "#00ff00",
      "shadowColor": "#1ABC9C",
      "points": [
        49.59823,
        83.34963,
        49.59823,
        83.74019,
        49.32744,
        84.20622,
        48.99034,
        84.40334,
        48.65691,
        84.59675,
        48.38244,
        84.44017,
        48.38244,
        84.05149,
        48.38244,
        83.66649,
        48.65691,
        83.19493,
        48.99034,
        83.00334,
        49.32744,
        82.80622,
        49.59823,
        82.96467,
        49.59823,
        83.34963
      ],
      "segments": [
        1,
        4,
        4,
        4,
        4
      ]
    },
    {
      "type": "shape",
      "background": "#00ff00",
      "shadowColor": "#1ABC9C",
      "points": [
        63.12995,
        75.54109,
        63.13179,
        75.92424,
        62.85732,
        76.39583,
        62.52206,
        76.58924,
        62.18865,
        76.78084,
        61.91784,
        76.62608,
        61.91784,
        76.24109,
        61.91784,
        75.85055,
        62.18865,
        75.38082,
        62.52206,
        75.1874,
        62.85732,
        74.99583,
        63.13179,
        75.1524,
        63.12995,
        75.54109
      ],
      "segments": [
        1,
        4,
        4,
        4,
        4
      ]
    },
    {
      "type": "shape",
      "background": "#00ff00",
      "shadowColor": "#1ABC9C",
      "points": [
        76.67686,
        67.7165,
        76.67686,
        68.10516,
        76.40421,
        68.57674,
        76.06896,
        68.76832,
        75.73369,
        68.96544,
        75.46107,
        68.80517,
        75.46107,
        68.4165,
        75.46107,
        68.03147,
        75.73369,
        67.5599,
        76.06896,
        67.36836,
        76.40421,
        67.17307,
        76.67686,
        67.32964,
        76.67686,
        67.7165
      ],
      "segments": [
        1,
        4,
        4,
        4,
        4
      ]
    },
    {
      "type": "shape",
      "background": "#00ff00",
      "shadowColor": "#1ABC9C",
      "points": [
        92.95633,
        60.77641,
        92.95633,
        61.16142,
        92.68188,
        61.63668,
        92.34846,
        61.82643,
        92.01135,
        62.02169,
        91.74056,
        61.86142,
        91.74056,
        61.47643,
        91.74056,
        61.09142,
        92.01135,
        60.61616,
        92.34846,
        60.42458,
        92.68188,
        60.23115,
        92.95633,
        60.3859,
        92.95633,
        60.77641
      ],
      "segments": [
        1,
        4,
        4,
        4,
        4
      ]
    },
    {
      "type": "shape",
      "background": "#00ff00",
      "shadowColor": "#1ABC9C",
      "points": [
        94.25943,
        60.02083,
        94.25943,
        60.40952,
        93.99052,
        60.8811,
        93.65156,
        61.07269,
        93.31812,
        61.26979,
        93.04918,
        61.11138,
        93.04918,
        60.72453,
        93.04918,
        60.33584,
        93.31812,
        59.86426,
        93.65156,
        59.67268,
        93.99052,
        59.47557,
        94.25943,
        59.63584,
        94.25943,
        60.02083
      ],
      "segments": [
        1,
        4,
        4,
        4,
        4
      ]
    },
    {
      "type": "shape",
      "background": "rgb(98,200,240)",
      "shadowColor": "#1ABC9C",
      "points": [
        52.84663,
        86.2057,
        92.34844,
        63.40005,
        92.34844,
        65.74296,
        52.84663,
        88.54971,
        52.84663,
        86.2057
      ]
    },
    {
      "type": "shape",
      "background": "#4d4d4d",
      "shadowColor": "#1ABC9C",
      "points": [
        21.27043,
        44.00513,
        13.98478,
        48.2115,
        18.83519,
        51.01216,
        25.20191,
        47.33644,
        27.09671,
        48.43038,
        20.73,
        52.10611,
        27.55128,
        56.04412,
        25.45113,
        57.2566,
        9.91423,
        48.28617,
        19.29956,
        42.86732,
        21.27043,
        44.00513,
        21.27043,
        44.00513
      ]
    },
    {
      "type": "shape",
      "background": "#4d4d4d",
      "shadowColor": "#1ABC9C",
      "points": [
        32.61264,
        48.6586,
        34.05101,
        47.21556,
        36.3271,
        48.17696,
        38.27604,
        48.18956,
        39.89502,
        47.25476,
        41.493,
        46.15708,
        41.24985,
        44.9558,
        39.16557,
        43.65044,
        36.84794,
        42.36282,
        34.74499,
        42.23541,
        32.85672,
        43.26728,
        31.72591,
        43.97853,
        31.35582,
        44.77659,
        31.74691,
        45.65818,
        30.09573,
        46.52391,
        22.19777,
        41.28147,
        29.94312,
        36.81002,
        31.91352,
        37.94784,
        25.87489,
        41.43408,
        30.10413,
        44.33089,
        30.04019,
        43.43529,
        30.57549,
        42.6587,
        31.71377,
        42.00112,
        34.57231,
        40.46848,
        37.6838,
        40.59729,
        41.04777,
        42.38802,
        44.39634,
        44.4233,
        44.58862,
        46.3531,
        41.62741,
        48.17976,
        38.95882,
        49.72034,
        35.95327,
        49.88042,
        32.61264,
        48.6586,
        32.61264,
        48.6586
      ],
      "segments": [
        1,
        2,
        4,
        4,
        4,
        4,
        2,
        2,
        2,
        2,
        2,
        2,
        4,
        4,
        4,
        4,
        2
      ]
    }
  ]
}