{
  "background": "rgb(10,2,77)",
  "width": 100,
  "height": 100,
  "comps": [
    {
      "type": "circle",
      "background": "rgba(0,8,28,0.80)",
      "borderWidth": 2,
      "borderColor": "rgb(30,232,178)",
      "rect": [
        7.46864,
        8.02713,
        85.14355,
        83.94558
      ]
    },
    {
      "type": "arc",
      "borderWidth": 8,
      "borderColor": "rgb(30,232,178)",
      "arcFrom": 2.05949,
      "arcTo": 4.41569,
      "arcClose": false,
      "rect": [
        7.46864,
        8.90598,
        85.14355,
        82.18792
      ]
    },
    {
      "type": "arc",
      "borderWidth": 8,
      "borderColor": "rgb(30,232,178)",
      "arcFrom": -0.64577,
      "arcTo": 0.97739,
      "arcClose": false,
      "rotation": 0.5151,
      "rect": [
        7.46864,
        8.90598,
        85.14355,
        82.18792
      ]
    },
    {
      "type": "shape",
      "background": "rgb(255,255,255)",
      "shadowColor": "#1ABC9C",
      "points": [
        63.28036,
        74.06457,
        55.99179,
        77.25703,
        48.45009,
        76.76318,
        41.98074,
        73.84773,
        35.25826,
        70.85992,
        29.69243,
        65.29409,
        26.69268,
        58.59573,
        23.76517,
        52.04196,
        23.29532,
        44.47626,
        26.56014,
        37.12739,
        26.96969,
        36.21181,
        28.07811,
        35.79008,
        28.98163,
        36.18769,
        29.1864,
        36.30817,
        29.37924,
        36.42865,
        29.53577,
        36.56118,
        29.53577,
        36.56118,
        43.00474,
        50.03003,
        53.38953,
        43.64498,
        52.95586,
        42.82576,
        52.76303,
        41.9343,
        52.76303,
        41.04272,
        52.76303,
        39.57299,
        53.3413,
        38.09121,
        54.42559,
        36.97073,
        55.558,
        35.86244,
        57.00373,
        35.29623,
        58.48551,
        35.29623,
        58.48551,
        35.29623,
        59.9433,
        35.29623,
        61.42509,
        35.86244,
        62.5335,
        36.99485,
        63.65385,
        38.09121,
        64.22006,
        39.56093,
        64.22006,
        41.04272,
        64.22006,
        42.47639,
        63.65385,
        43.95817,
        62.5335,
        45.0907,
        61.42509,
        46.199,
        59.95536,
        46.75327,
        58.48551,
        46.75327,
        57.582,
        46.75327,
        56.67848,
        46.54837,
        55.87132,
        46.12676,
        49.47421,
        56.52362,
        63.99117,
        70.99246,
        64.70197,
        71.7515,
        64.70197,
        72.89597,
        63.99117,
        73.63078,
        63.78639,
        73.81155,
        63.54544,
        73.96821,
        63.28036,
        74.06457,
        63.28036,
        74.06457,
        63.28036,
        74.06457,
        50.52232,
        27.44134,
        50.52232,
        27.44134,
        50.01629,
        27.76659,
        49.35373,
        27.62199,
        49.00436,
        27.12815,
        48.66692,
        26.62212,
        48.81152,
        25.91131,
        49.31755,
        25.574,
        49.48615,
        25.47764,
        51.53426,
        24.40541,
        51.51014,
        24.40541,
        53.84732,
        23.29699,
        56.4134,
        22.74285,
        59.0036,
        22.74285,
        61.38903,
        22.74285,
        63.70209,
        23.22476,
        65.78626,
        24.09222,
        70.14744,
        25.89925,
        73.6291,
        29.36885,
        75.43614,
        33.73003,
        76.31566,
        35.85038,
        76.78551,
        38.13933,
        76.78551,
        40.54887,
        76.78551,
        43.12701,
        76.23124,
        45.66897,
        75.15913,
        48.03028,
        74.80975,
        48.77714,
        74.41214,
        49.53618,
        73.93023,
        50.22286,
        73.60498,
        50.75289,
        72.93036,
        50.87337,
        72.42433,
        50.54812,
        71.90636,
        50.22286,
        71.76176,
        49.5603,
        72.08702,
        49.01809,
        72.50863,
        48.41571,
        72.84594,
        47.7652,
        73.15925,
        47.09058,
        74.09895,
        45.04247,
        74.58086,
        42.8137,
        74.58086,
        40.54887,
        74.58086,
        38.41646,
        74.15913,
        36.40453,
        73.42433,
        34.58543,
        71.85812,
        30.79046,
        68.77395,
        27.71847,
        64.96704,
        26.12815,
        63.13589,
        25.38129,
        61.11189,
        24.97162,
        59.01566,
        24.97162,
        55.99179,
        24.9475,
        53.0281,
        25.82702,
        50.52232,
        27.44134,
        50.52232,
        27.44134,
        50.52232,
        27.44134,
        55.90738,
        33.07953,
        55.90738,
        33.07953,
        55.34117,
        33.30842,
        54.70272,
        33.05541,
        54.46177,
        32.46508,
        54.23287,
        31.94699,
        54.48589,
        31.28443,
        55.0521,
        31.05553,
        55.35323,
        30.923,
        55.66654,
        30.80252,
        56.00385,
        30.71822,
        56.63024,
        30.51345,
        57.30498,
        30.38091,
        57.99167,
        30.29649,
        58.05185,
        30.29649,
        58.38916,
        30.27249,
        58.70247,
        30.26043,
        59.01566,
        30.26043,
        60.38903,
        30.26043,
        61.71428,
        30.52539,
        62.93099,
        31.05553,
        64.19606,
        31.5495,
        65.32848,
        32.32048,
        66.26817,
        33.26018,
        67.20787,
        34.19988,
        67.97885,
        35.35641,
        68.49694,
        36.62136,
        68.52094,
        36.6696,
        69.42458,
        38.86219,
        69.49682,
        41.31985,
        68.81013,
        43.56068,
        68.74996,
        43.87387,
        68.60536,
        44.18719,
        68.48488,
        44.50038,
        68.24393,
        45.05453,
        67.60536,
        45.30754,
        67.03915,
        45.10276,
        66.50913,
        44.84975,
        66.21993,
        44.21119,
        66.44883,
        43.64498,
        67.26805,
        41.71746,
        67.26805,
        39.46458,
        66.47295,
        37.48882,
        66.47295,
        37.45264,
        66.03928,
        36.48883,
        65.43689,
        35.58531,
        64.70197,
        34.83844,
        63.96705,
        34.06734,
        63.08765,
        33.48908,
        62.08777,
        33.09159,
        61.14807,
        32.69397,
        60.0879,
        32.46508,
        59.0036,
        32.46508,
        58.71441,
        32.46508,
        58.42534,
        32.47714,
        58.19644,
        32.50126,
        58.18438,
        32.50126,
        57.4134,
        32.59762,
        56.61818,
        32.76621,
        55.90738,
        33.07953,
        55.90738,
        33.07953,
        55.90738,
        33.07953,
        58.48551,
        37.50088,
        58.48551,
        37.50088,
        57.582,
        37.50088,
        56.66642,
        37.86231,
        55.99179,
        38.549,
        55.32911,
        39.22362,
        54.95574,
        40.1392,
        54.95574,
        41.05478,
        54.95574,
        41.94636,
        55.31717,
        42.82576,
        55.99179,
        43.53656,
        56.66642,
        44.21119,
        57.582,
        44.56056,
        58.48551,
        44.56056,
        59.40121,
        44.56056,
        60.28061,
        44.22324,
        60.97936,
        43.53656,
        61.65398,
        42.82576,
        62.00335,
        41.94636,
        62.00335,
        41.05478,
        62.00335,
        40.1392,
        61.66604,
        39.22362,
        60.97936,
        38.549,
        60.29267,
        37.87437,
        59.40121,
        37.50088,
        58.48551,
        37.50088,
        58.48551,
        37.50088,
        58.48551,
        37.50088,
        44.59494,
        51.59623,
        44.59494,
        51.59623,
        47.89594,
        54.93341,
        52.73903,
        46.78932,
        44.59494,
        51.59623,
        44.59494,
        51.59623,
        44.59494,
        51.59623,
        43.46253,
        70.52261,
        43.46253,
        70.52261,
        48.35373,
        72.69108,
        53.8835,
        73.31758,
        59.37709,
        71.6069,
        28.96957,
        41.19938,
        27.25889,
        46.66885,
        27.87321,
        52.19862,
        30.05386,
        57.10188,
        32.66806,
        62.98103,
        37.59544,
        67.86017,
        43.46253,
        70.52261,
        43.46253,
        70.52261,
        43.46253,
        70.52261
      ],
      "segments": [
        1,
        4,
        4,
        4,
        4,
        4,
        2,
        2,
        2,
        4,
        4,
        4,
        2,
        4,
        4,
        4,
        4,
        4,
        2,
        2,
        4,
        4,
        2,
        2,
        1,
        2,
        4,
        4,
        4,
        4,
        4,
        4,
        4,
        4,
        4,
        4,
        4,
        4,
        4,
        4,
        4,
        4,
        4,
        2,
        2,
        1,
        2,
        4,
        4,
        4,
        4,
        2,
        4,
        4,
        4,
        4,
        2,
        4,
        4,
        4,
        4,
        4,
        2,
        4,
        4,
        4,
        4,
        2,
        4,
        2,
        2,
        1,
        2,
        4,
        4,
        4,
        4,
        4,
        4,
        4,
        4,
        2,
        2,
        1,
        2,
        2,
        2,
        2,
        2,
        2,
        1,
        2,
        4,
        2,
        4,
        4,
        2,
        2
      ]
    }
  ]
}