{
  "width": 69,
  "height": 47,
  "comps": [
    {
      "type": "shape",
      "background": "rgba(0,0,0,0.12)",
      "borderColor": "rgb(101,144,252)",
      "shadowColor": "#1ABC9C",
      "points": [
        18.07357,
        28.76503,
        1.82963,
        45.10634,
        67.19488,
        45.10634,
        50.85356,
        28.76503,
        18.07357,
        28.76503
      ]
    },
    {
      "type": "shape",
      "background": "rgb(16,147,199)",
      "borderWidth": 1,
      "borderColor": "rgb(43,166,214)",
      "shadowColor": "#1ABC9C",
      "closePath": true,
      "points": [
        1.80512,
        18.73001,
        1.80512,
        38.96182,
        67.17037,
        38.96182,
        67.17037,
        18.73001
      ]
    },
    {
      "type": "roundRect",
      "background": "rgb(40,123,158)",
      "borderColor": "#979797",
      "shadowColor": "#1ABC9C",
      "rect": [
        2.34138,
        26.8663,
        64.34173,
        2.40161
      ]
    },
    {
      "type": "roundRect",
      "background": "rgb(43,166,214)",
      "borderColor": "#979797",
      "shadowColor": "#1ABC9C",
      "rect": [
        1.80512,
        28.95391,
        65.36525,
        1.79437
      ]
    },
    {
      "type": "roundRect",
      "background": "rgb(26,139,184)",
      "borderColor": "#979797",
      "shadowColor": "#1ABC9C",
      "rect": [
        2.34138,
        27.56423,
        64.34173,
        2.40161
      ]
    },
    {
      "type": "roundRect",
      "background": "rgb(26,139,184)",
      "borderColor": "#979797",
      "shadowColor": "#1ABC9C",
      "rect": [
        9.20105,
        20.17807,
        2.46594,
        4.85292
      ]
    },
    {
      "type": "roundRect",
      "background": "rgb(26,139,184)",
      "borderColor": "#979797",
      "shadowColor": "#1ABC9C",
      "rect": [
        12.54421,
        20.17807,
        2.46594,
        4.85292
      ]
    },
    {
      "type": "roundRect",
      "background": "rgb(26,139,184)",
      "borderColor": "#979797",
      "shadowColor": "#1ABC9C",
      "rect": [
        15.88736,
        20.17807,
        2.46594,
        4.85292
      ]
    },
    {
      "type": "roundRect",
      "background": "rgb(26,139,184)",
      "borderColor": "#979797",
      "shadowColor": "#1ABC9C",
      "rect": [
        33.22526,
        20.17807,
        2.46594,
        4.85292
      ]
    },
    {
      "type": "roundRect",
      "background": "rgb(26,139,184)",
      "borderColor": "#979797",
      "shadowColor": "#1ABC9C",
      "rect": [
        36.56842,
        20.17807,
        2.46594,
        4.85292
      ]
    },
    {
      "type": "roundRect",
      "background": "rgb(26,139,184)",
      "borderColor": "#979797",
      "shadowColor": "#1ABC9C",
      "rect": [
        39.91157,
        20.17807,
        2.46594,
        4.85292
      ]
    },
    {
      "type": "roundRect",
      "background": "rgb(26,139,184)",
      "borderColor": "#979797",
      "shadowColor": "#1ABC9C",
      "rect": [
        19.37556,
        21.0911,
        10.04357,
        1.2008
      ]
    },
    {
      "type": "roundRect",
      "background": "rgb(26,139,184)",
      "borderColor": "#979797",
      "shadowColor": "#1ABC9C",
      "rect": [
        19.37556,
        22.91715,
        10.04357,
        1.2008
      ]
    },
    {
      "type": "roundRect",
      "background": "rgb(26,139,184)",
      "borderColor": "#979797",
      "shadowColor": "#1ABC9C",
      "rect": [
        51.77977,
        19.6375,
        3.49464,
        5.96138
      ]
    },
    {
      "type": "roundRect",
      "background": "rgb(51,181,55)",
      "borderColor": "#979797",
      "shadowColor": "#1ABC9C",
      "rect": [
        51.77977,
        20.19173,
        3.49464,
        4.85292
      ]
    },
    {
      "type": "roundRect",
      "background": "rgb(26,139,184)",
      "borderColor": "#979797",
      "shadowColor": "#1ABC9C",
      "rect": [
        59.59714,
        19.6375,
        3.49464,
        5.96138
      ]
    },
    {
      "type": "roundRect",
      "background": "rgb(224,94,88)",
      "borderColor": "#979797",
      "shadowColor": "#1ABC9C",
      "rect": [
        59.59714,
        20.17807,
        3.49464,
        4.85292
      ]
    },
    {
      "type": "shape",
      "background": "rgb(98,200,240)",
      "borderWidth": 1,
      "borderColor": "rgb(131,214,247)",
      "shadowColor": "#1ABC9C",
      "closePath": true,
      "points": [
        18.07357,
        1.89366,
        1.82963,
        18.23497,
        67.19488,
        18.23497,
        50.85356,
        1.89366,
        18.07357,
        1.89366
      ]
    },
    {
      "type": "roundRect",
      "background": "rgb(26,139,184)",
      "borderColor": "#979797",
      "shadowColor": "#1ABC9C",
      "rect": [
        9.20105,
        32.2152,
        2.46594,
        4.85292
      ]
    },
    {
      "type": "roundRect",
      "background": "rgb(26,139,184)",
      "borderColor": "#979797",
      "shadowColor": "#1ABC9C",
      "rect": [
        12.54421,
        32.2152,
        2.46594,
        4.85292
      ]
    },
    {
      "type": "roundRect",
      "background": "rgb(26,139,184)",
      "borderColor": "#979797",
      "shadowColor": "#1ABC9C",
      "rect": [
        15.88736,
        32.2152,
        2.46594,
        4.85292
      ]
    },
    {
      "type": "roundRect",
      "background": "rgb(26,139,184)",
      "borderColor": "#979797",
      "shadowColor": "#1ABC9C",
      "rect": [
        33.22526,
        32.2152,
        2.46594,
        4.85292
      ]
    },
    {
      "type": "roundRect",
      "background": "rgb(26,139,184)",
      "borderColor": "#979797",
      "shadowColor": "#1ABC9C",
      "rect": [
        36.56842,
        32.2152,
        2.46594,
        4.85292
      ]
    },
    {
      "type": "roundRect",
      "background": "rgb(26,139,184)",
      "borderColor": "#979797",
      "shadowColor": "#1ABC9C",
      "rect": [
        39.91157,
        32.2152,
        2.46594,
        4.85292
      ]
    },
    {
      "type": "roundRect",
      "background": "rgb(26,139,184)",
      "borderColor": "#979797",
      "shadowColor": "#1ABC9C",
      "rect": [
        19.37556,
        33.12823,
        10.04357,
        1.2008
      ]
    },
    {
      "type": "roundRect",
      "background": "rgb(26,139,184)",
      "borderColor": "#979797",
      "shadowColor": "#1ABC9C",
      "rect": [
        19.37556,
        34.95429,
        10.04357,
        1.2008
      ]
    },
    {
      "type": "roundRect",
      "background": "rgb(26,139,184)",
      "borderColor": "#979797",
      "shadowColor": "#1ABC9C",
      "rect": [
        51.77977,
        31.67464,
        3.49464,
        5.96138
      ]
    },
    {
      "type": "roundRect",
      "background": "rgb(51,181,55)",
      "borderColor": "#979797",
      "shadowColor": "#1ABC9C",
      "rect": [
        51.77977,
        32.22887,
        3.49464,
        4.85292
      ]
    },
    {
      "type": "roundRect",
      "background": "rgb(26,139,184)",
      "borderColor": "#979797",
      "shadowColor": "#1ABC9C",
      "rect": [
        59.59714,
        31.67464,
        3.49464,
        5.96138
      ]
    },
    {
      "type": "roundRect",
      "background": "rgb(224,94,88)",
      "borderColor": "#979797",
      "shadowColor": "#1ABC9C",
      "rect": [
        59.59714,
        32.2152,
        3.49464,
        4.85292
      ]
    }
  ]
}