{
  "width": 100,
  "height": 100,
  "comps": [
    {
      "type": "shape",
      "background": "rgb(145,146,148)",
      "shadowColor": "#1ABC9C",
      "points": [
        44.62941,
        72.63159,
        44.28158,
        81.43167,
        3.05072,
        57.75028,
        3.05072,
        48.98933,
        44.62941,
        72.63159
      ]
    },
    {
      "type": "shape",
      "background": "rgb(230,230,230)",
      "shadowColor": "#1ABC9C",
      "points": [
        96.8831,
        42.2436,
        44.25991,
        72.62467,
        3.05072,
        48.95048,
        55.6739,
        18.56833,
        96.8831,
        42.2436
      ]
    },
    {
      "type": "shape",
      "background": "rgb(39,52,56)",
      "shadowColor": "#1ABC9C",
      "points": [
        96.94928,
        51.00363,
        44.23965,
        81.43167,
        44.23965,
        72.57453,
        96.94928,
        42.14542,
        96.94928,
        51.00363
      ]
    },
    {
      "type": "shape",
      "background": "#00ff00",
      "shadowColor": "#1ABC9C",
      "points": [
        74.08755,
        59.37779,
        74.08755,
        60.66311,
        73.45814,
        62.21546,
        72.67571,
        62.86125,
        71.89328,
        63.50077,
        71.25947,
        62.97921,
        71.25947,
        61.7001,
        71.25947,
        60.41479,
        71.89328,
        58.86243,
        72.67571,
        58.21664,
        73.45814,
        57.57712,
        74.08755,
        58.09248,
        74.08755,
        59.37779
      ],
      "segments": [
        1,
        4,
        4,
        4,
        4
      ]
    },
    {
      "type": "shape",
      "background": "#00ff00",
      "shadowColor": "#1ABC9C",
      "points": [
        78.21306,
        56.98167,
        78.21306,
        58.26698,
        77.58365,
        59.81934,
        76.80122,
        60.46512,
        76.01879,
        61.10465,
        75.38498,
        60.58308,
        75.38498,
        59.30397,
        75.38498,
        58.01866,
        76.01879,
        56.4663,
        76.80122,
        55.82052,
        77.58365,
        55.18099,
        78.21306,
        55.69636,
        78.21306,
        56.98167
      ],
      "segments": [
        1,
        4,
        4,
        4,
        4
      ]
    },
    {
      "type": "shape",
      "background": "#00ff00",
      "shadowColor": "#1ABC9C",
      "points": [
        82.33857,
        54.58555,
        82.33857,
        55.87086,
        81.70916,
        57.42321,
        80.92673,
        58.069,
        80.1443,
        58.70853,
        79.51049,
        58.18696,
        79.51049,
        56.90785,
        79.51049,
        55.62254,
        80.1443,
        54.07018,
        80.92673,
        53.42439,
        81.70916,
        52.78487,
        82.33857,
        53.30023,
        82.33857,
        54.58555
      ],
      "segments": [
        1,
        4,
        4,
        4,
        4
      ]
    },
    {
      "type": "shape",
      "background": "#00ff00",
      "shadowColor": "#1ABC9C",
      "points": [
        86.46408,
        52.18942,
        86.46408,
        53.47473,
        85.83467,
        55.02709,
        85.05224,
        55.67288,
        84.26981,
        56.3124,
        83.636,
        55.79083,
        83.636,
        54.51172,
        83.636,
        53.22641,
        84.26981,
        51.67406,
        85.05224,
        51.02827,
        85.83467,
        50.38875,
        86.46408,
        50.90411,
        86.46408,
        52.18942
      ],
      "segments": [
        1,
        4,
        4,
        4,
        4
      ]
    },
    {
      "type": "shape",
      "background": "#00ff00",
      "shadowColor": "#1ABC9C",
      "points": [
        90.58959,
        49.7933,
        90.58959,
        51.07861,
        89.96018,
        52.63097,
        89.17775,
        53.27675,
        88.39532,
        53.91628,
        87.76151,
        53.39471,
        87.76151,
        52.1156,
        87.76151,
        50.83029,
        88.39532,
        49.27793,
        89.17775,
        48.63215,
        89.96018,
        47.99262,
        90.58959,
        48.50799,
        90.58959,
        49.7933
      ],
      "segments": [
        1,
        4,
        4,
        4,
        4
      ]
    },
    {
      "type": "shape",
      "background": "#00ff00",
      "shadowColor": "#1ABC9C",
      "points": [
        94.7151,
        47.39717,
        94.7151,
        48.68249,
        94.08569,
        50.23484,
        93.30326,
        50.88063,
        92.52083,
        51.52015,
        91.88702,
        50.99859,
        91.88702,
        49.71948,
        91.88702,
        48.43417,
        92.52083,
        46.88181,
        93.30326,
        46.23602,
        94.08569,
        45.5965,
        94.7151,
        46.11186,
        94.7151,
        47.39717
      ],
      "segments": [
        1,
        4,
        4,
        4,
        4
      ]
    },
    {
      "type": "shape",
      "background": "rgb(135,135,135)",
      "shadowColor": "#1ABC9C",
      "points": [
        64.63177,
        68.93057,
        48.47696,
        78.21477,
        48.47696,
        71.11467,
        64.63177,
        61.78855
      ]
    }
  ]
}