{
  "width": 55,
  "height": 37,
  "comps": [
    {
      "type": "shape",
      "background": "rgb(145,146,148)",
      "shadowColor": "#1ABC9C",
      "points": [
        24.41194,
        31.51304,
        24.21194,
        36.57304,
        0.50442,
        22.95637,
        0.50442,
        17.91887,
        24.41194,
        31.51304
      ]
    },
    {
      "type": "shape",
      "background": "rgb(230,230,230)",
      "shadowColor": "#1ABC9C",
      "points": [
        54.45753,
        14.04011,
        24.19948,
        31.50906,
        0.50442,
        17.89653,
        30.76246,
        0.42696,
        54.45753,
        14.04011
      ]
    },
    {
      "type": "shape",
      "background": "#283539",
      "shadowColor": "#1ABC9C",
      "points": [
        54.49558,
        19.07708,
        24.18783,
        36.57304,
        24.18783,
        31.48023,
        54.49558,
        13.98366,
        54.49558,
        19.07708
      ]
    },
    {
      "type": "shape",
      "background": "#3b4548",
      "shadowColor": "#1ABC9C",
      "points": [
        33.43466,
        29.42408,
        26.36423,
        33.50631,
        26.36423,
        31.6821,
        33.43466,
        27.59925,
        33.43466,
        29.42408
      ]
    },
    {
      "type": "shape",
      "background": "#3b4548",
      "shadowColor": "#1ABC9C",
      "points": [
        41.17082,
        24.95774,
        34.09918,
        29.03997,
        34.09918,
        27.21577,
        41.17082,
        23.13292,
        41.17082,
        24.95774
      ]
    },
    {
      "type": "shape",
      "background": "#3b4548",
      "shadowColor": "#1ABC9C",
      "points": [
        48.90637,
        20.49141,
        41.83595,
        24.57425,
        41.83595,
        22.74943,
        48.90637,
        18.6672,
        48.90637,
        20.49141
      ]
    },
    {
      "type": "shape",
      "background": "#00ff00",
      "shadowColor": "#1ABC9C",
      "points": [
        27.27073,
        30.53883,
        27.27073,
        30.7617,
        27.1162,
        31.02765,
        26.92383,
        31.14014,
        26.73356,
        31.25051,
        26.57693,
        31.16115,
        26.57693,
        30.93935,
        26.57693,
        30.71964,
        26.73356,
        30.45054,
        26.92383,
        30.34121,
        27.1162,
        30.22872,
        27.27073,
        30.31914,
        27.27073,
        30.53883
      ],
      "segments": [
        1,
        4,
        4,
        4,
        4
      ]
    },
    {
      "type": "shape",
      "background": "#00ff00",
      "shadowColor": "#1ABC9C",
      "points": [
        34.99275,
        26.0828,
        34.9938,
        26.30145,
        34.83717,
        26.57056,
        34.64585,
        26.68094,
        34.45558,
        26.79027,
        34.30105,
        26.70196,
        34.30105,
        26.48226,
        34.30105,
        26.2594,
        34.45558,
        25.99134,
        34.64585,
        25.88096,
        34.83717,
        25.77164,
        34.9938,
        25.86099,
        34.99275,
        26.0828
      ],
      "segments": [
        1,
        4,
        4,
        4,
        4
      ]
    },
    {
      "type": "shape",
      "background": "#00ff00",
      "shadowColor": "#1ABC9C",
      "points": [
        42.72343,
        21.61761,
        42.72343,
        21.83941,
        42.56785,
        22.10852,
        42.37653,
        22.21785,
        42.18521,
        22.33034,
        42.02963,
        22.23888,
        42.02963,
        22.01708,
        42.02963,
        21.79736,
        42.18521,
        21.52825,
        42.37653,
        21.41894,
        42.56785,
        21.3075,
        42.72343,
        21.39685,
        42.72343,
        21.61761
      ],
      "segments": [
        1,
        4,
        4,
        4,
        4
      ]
    },
    {
      "type": "shape",
      "background": "#00ff00",
      "shadowColor": "#1ABC9C",
      "points": [
        50.09757,
        20.51318,
        50.09757,
        20.73289,
        49.94094,
        21.0041,
        49.75067,
        21.11238,
        49.5583,
        21.22381,
        49.40377,
        21.13235,
        49.40377,
        20.91265,
        49.40377,
        20.69294,
        49.5583,
        20.42173,
        49.75067,
        20.3124,
        49.94094,
        20.20202,
        50.09757,
        20.29033,
        50.09757,
        20.51318
      ],
      "segments": [
        1,
        4,
        4,
        4,
        4
      ]
    },
    {
      "type": "shape",
      "background": "#00ff00",
      "shadowColor": "#1ABC9C",
      "points": [
        50.8412,
        20.082,
        50.8412,
        20.30381,
        50.68773,
        20.57292,
        50.4943,
        20.68225,
        50.30403,
        20.79473,
        50.15055,
        20.70433,
        50.15055,
        20.48357,
        50.15055,
        20.26176,
        50.30403,
        19.99265,
        50.4943,
        19.88332,
        50.68773,
        19.77084,
        50.8412,
        19.8623,
        50.8412,
        20.082
      ],
      "segments": [
        1,
        4,
        4,
        4,
        4
      ]
    },
    {
      "type": "shape",
      "background": "rgb(98,200,240)",
      "shadowColor": "#1ABC9C",
      "points": [
        26.36424,
        33.98062,
        48.90637,
        20.96633,
        48.90637,
        22.30334,
        26.36424,
        35.31825,
        26.36424,
        33.98062
      ]
    }
  ]
}