{
  "width": 47,
  "height": 52,
  "comps": [
    {
      "type": "oval",
      "background": "rgba(0,0,0,0.12)",
      "borderColor": "rgb(97,174,250)",
      "shadowColor": "#1ABC9C",
      "rect": [
        1.31141,
        32.4974,
        44.37718,
        18.1513
      ]
    },
    {
      "type": "shape",
      "background": "rgb(98,200,240)",
      "borderColor": "rgb(4,104,204)",
      "gradient": "spread.east",
      "gradientColor": "rgb(16,147,199)",
      "shadowColor": "#1ABC9C",
      "points": [
        2.20762,
        28.71564,
        2.20762,
        28.71564,
        2.20762,
        32.89992,
        2.20762,
        37.74054,
        2.20762,
        40.33645,
        8.82611,
        47.45247,
        23.51422,
        47.45247,
        38.20233,
        47.45247,
        44.79239,
        40.61653,
        44.79239,
        37.74054,
        44.79239,
        35.15988,
        44.79239,
        28.71564,
        44.79239,
        28.71564
      ],
      "segments": [
        1,
        4,
        4,
        4,
        4
      ]
    },
    {
      "type": "oval",
      "background": "rgb(26,139,184)",
      "borderColor": "rgb(97,174,250)",
      "shadowColor": "#1ABC9C",
      "rect": [
        2.20763,
        16.90408,
        42.58476,
        24.18028
      ]
    },
    {
      "type": "shape",
      "background": "rgb(98,200,240)",
      "borderColor": "rgb(4,104,204)",
      "gradient": "spread.east",
      "gradientColor": "rgb(16,147,199)",
      "shadowColor": "#1ABC9C",
      "points": [
        2.20762,
        21.32948,
        2.20762,
        21.32948,
        2.20762,
        25.51376,
        2.20762,
        30.35438,
        2.20762,
        32.95028,
        8.82611,
        40.06631,
        23.51421,
        40.06631,
        38.20233,
        40.06631,
        44.79239,
        33.23037,
        44.79239,
        30.35438,
        44.79239,
        27.77372,
        44.79239,
        21.32948,
        44.79239,
        21.32948
      ],
      "segments": [
        1,
        4,
        4,
        4,
        4
      ]
    },
    {
      "type": "oval",
      "background": "rgb(26,139,184)",
      "borderColor": "rgb(97,174,250)",
      "shadowColor": "#1ABC9C",
      "rect": [
        2.20763,
        9.51792,
        42.58476,
        24.18028
      ]
    },
    {
      "type": "shape",
      "background": "rgb(98,200,240)",
      "borderColor": "rgb(4,104,204)",
      "gradient": "spread.east",
      "gradientColor": "rgb(16,147,199)",
      "shadowColor": "#1ABC9C",
      "points": [
        2.20762,
        13.44144,
        2.20762,
        13.44144,
        2.20762,
        17.62573,
        2.20762,
        22.46634,
        2.20762,
        25.06225,
        8.82611,
        32.17828,
        23.51422,
        32.17828,
        38.20234,
        32.17828,
        44.79239,
        25.34234,
        44.79239,
        22.46634,
        44.79239,
        19.88568,
        44.79239,
        13.44144,
        44.79239,
        13.44144
      ],
      "segments": [
        1,
        4,
        4,
        4,
        4
      ]
    },
    {
      "type": "roundRect",
      "background": "rgb(26,139,184)",
      "borderColor": "#979797",
      "shadowColor": "#1ABC9C",
      "rect": [
        19.95593,
        24.97161,
        6.65556,
        2.40161
      ]
    },
    {
      "type": "roundRect",
      "background": "rgb(26,139,184)",
      "borderColor": "#979797",
      "shadowColor": "#1ABC9C",
      "rect": [
        17.28073,
        24.58352,
        1.79722,
        1.21447
      ]
    },
    {
      "type": "roundRect",
      "background": "rgb(26,139,184)",
      "borderColor": "#979797",
      "shadowColor": "#1ABC9C",
      "rect": [
        27.41046,
        24.58352,
        1.79722,
        1.21447
      ]
    },
    {
      "type": "oval",
      "background": "rgb(26,139,184)",
      "borderColor": "rgb(97,174,250)",
      "gradient": "linear.north",
      "gradientColor": "rgba(255,255,255,0.00)",
      "shadowColor": "#1ABC9C",
      "rect": [
        2.20762,
        1.3513,
        42.58476,
        24.18028
      ]
    },
    {
      "type": "oval",
      "background": "rgb(98,200,240)",
      "borderColor": "rgb(97,174,250)",
      "shadowColor": "#1ABC9C",
      "rect": [
        2.20763,
        1.62988,
        42.58476,
        22.95364
      ]
    },
    {
      "type": "shape",
      "background": "rgb(255,255,255)",
      "shadowColor": "#1ABC9C",
      "points": [
        35.12468,
        8.37024,
        34.58161,
        8.27746,
        34.57544,
        8.1808,
        34.56308,
        8.08024,
        34.55079,
        7.98746,
        34.52608,
        7.8869,
        34.49525,
        7.79025,
        34.47054,
        7.6936,
        34.96425,
        7.51183,
        35.21722,
        7.41905,
        35.30983,
        7.20639,
        35.16786,
        7.04398,
        34.34093,
        6.13916,
        34.31622,
        6.1121,
        34.16815,
        5.95356,
        33.82257,
        5.8917,
        33.55101,
        5.98448,
        33.05736,
        6.16621,
        32.9524,
        6.10049,
        32.83515,
        6.04634,
        32.72408,
        5.98061,
        32.71172,
        5.97287,
        32.58829,
        5.91102,
        32.45875,
        5.85691,
        32.32297,
        5.80275,
        32.47104,
        5.47409,
        32.47104,
        5.46248,
        32.55129,
        5.27688,
        32.36615,
        5.07967,
        32.06993,
        5.041,
        30.4469,
        4.75874,
        30.43454,
        4.75874,
        30.14451,
        4.70459,
        29.82364,
        4.8206,
        29.7434,
        5.0062,
        29.59526,
        5.35034,
        29.43483,
        5.35422,
        29.28675,
        5.36196,
        29.13243,
        5.3774,
        28.97818,
        5.38901,
        28.82386,
        5.40063,
        28.66961,
        5.43542,
        28.38575,
        5.12608,
        28.22526,
        4.95596,
        27.89204,
        4.89407,
        27.60818,
        4.99463,
        26.1394,
        5.5282,
        25.88636,
        5.62102,
        25.78764,
        5.83755,
        25.94808,
        6.00771,
        26.232,
        6.30928,
        26.13322,
        6.37891,
        26.02215,
        6.46008,
        25.92343,
        6.53742,
        25.837,
        6.61475,
        25.74446,
        6.69596,
        25.66422,
        6.78104,
        25.1335,
        6.69209,
        25.11497,
        6.68822,
        24.81258,
        6.63798,
        24.49789,
        6.75398,
        24.43,
        6.93958,
        23.98565,
        7.95267,
        23.97947,
        7.96037,
        23.9054,
        8.15371,
        24.07825,
        8.34705,
        24.38676,
        8.39346,
        24.92365,
        8.48624,
        24.936,
        8.5868,
        24.94218,
        8.67959,
        24.97307,
        8.78015,
        24.98536,
        8.8768,
        25.02243,
        8.97732,
        25.04708,
        9.07014,
        24.56572,
        9.248,
        24.29422,
        9.34082,
        24.20168,
        9.56509,
        24.36211,
        9.73134,
        25.20757,
        10.64777,
        25.20757,
        10.64777,
        25.368,
        10.81401,
        25.70122,
        10.87591,
        25.97279,
        10.78309,
        26.4665,
        10.60136,
        26.57757,
        10.67095,
        26.701,
        10.73281,
        26.82443,
        10.79083,
        26.94786,
        10.84881,
        27.07128,
        10.90296,
        27.20083,
        10.94937,
        27.05893,
        11.29352,
        27.05275,
        11.29735,
        26.9725,
        11.49456,
        27.15765,
        11.6879,
        27.45386,
        11.73431,
        29.07072,
        12.00499,
        29.09543,
        12.00883,
        29.39164,
        12.05524,
        29.70021,
        11.9431,
        29.7804,
        11.75363,
        29.92236,
        11.41335,
        30.08279,
        11.40565,
        30.23711,
        11.39791,
        30.39136,
        11.39404,
        30.54568,
        11.37856,
        30.70611,
        11.3515,
        30.85419,
        11.33989,
        31.13811,
        11.64537,
        31.29854,
        11.81165,
        31.63176,
        11.87351,
        31.91568,
        11.78072,
        33.37204,
        11.24324,
        33.64361,
        11.14271,
        33.73615,
        10.93002,
        33.58807,
        10.76764,
        33.29804,
        10.45829,
        33.40911,
        10.39257,
        33.50783,
        10.31136,
        33.60037,
        10.2379,
        33.69297,
        10.1683,
        33.77933,
        10.08322,
        33.86575,
        9.99427,
        34.40265,
        10.09096,
        34.415,
        10.09096,
        34.72357,
        10.13734,
        35.03214,
        10.02907,
        35.10615,
        9.83573,
        35.53815,
        8.82265,
        35.53815,
        8.81494,
        35.6184,
        8.60612,
        35.42708,
        8.41665,
        35.12468,
        8.37024,
        35.12468,
        8.37024,
        35.12468,
        8.37024,
        34.14344,
        9.30215,
        34.14344,
        9.30215,
        33.71762,
        9.22094,
        33.44611,
        9.1784,
        33.16225,
        9.27119,
        33.06347,
        9.42199,
        32.95858,
        9.55735,
        32.82897,
        9.67722,
        32.69943,
        9.78549,
        32.53893,
        9.91307,
        32.3785,
        10.02133,
        32.20572,
        10.11415,
        31.98969,
        10.22628,
        31.95268,
        10.4235,
        32.10082,
        10.57043,
        32.31061,
        10.80244,
        31.82308,
        10.98417,
        31.60711,
        10.73281,
        31.45897,
        10.58974,
        31.18747,
        10.52789,
        30.94061,
        10.58204,
        30.92208,
        10.58587,
        30.69993,
        10.62841,
        30.47161,
        10.66708,
        30.23711,
        10.68256,
        30.0149,
        10.70188,
        29.76193,
        10.70962,
        29.52125,
        10.69801,
        29.25586,
        10.68643,
        29.01518,
        10.79857,
        28.94729,
        10.95707,
        28.94111,
        10.95707,
        28.83004,
        11.22001,
        28.29315,
        11.1311,
        28.39804,
        10.86429,
        28.47211,
        10.69418,
        28.32403,
        10.51628,
        28.07718,
        10.45442,
        27.8735,
        10.38483,
        27.66989,
        10.30749,
        27.50322,
        10.22241,
        27.50322,
        10.21854,
        27.31808,
        10.12576,
        27.13911,
        10.02133,
        26.97868,
        9.91307,
        26.79354,
        9.77775,
        26.48497,
        9.75839,
        26.24429,
        9.85895,
        25.89254,
        9.97883,
        25.60868,
        9.67335,
        25.99132,
        9.53029,
        26.22582,
        9.44521,
        26.33689,
        9.27506,
        26.24429,
        9.11655,
        26.23818,
        9.10881,
        26.16411,
        8.96962,
        26.10857,
        8.81881,
        26.07768,
        8.67959,
        26.05303,
        8.54039,
        26.04686,
        8.38572,
        26.05915,
        8.23879,
        26.07768,
        8.06093,
        25.89872,
        7.91013,
        25.64568,
        7.86759,
        25.21993,
        7.79799,
        25.368,
        7.46159,
        25.79382,
        7.52731,
        26.06533,
        7.57372,
        26.35543,
        7.48477,
        26.46032,
        7.31853,
        26.55286,
        7.19865,
        26.68864,
        7.0749,
        26.81825,
        6.96277,
        26.96633,
        6.85063,
        27.12682,
        6.74237,
        27.29961,
        6.64185,
        27.51558,
        6.51423,
        27.55264,
        6.32476,
        27.4045,
        6.17783,
        27.19471,
        5.9613,
        27.68218,
        5.77957,
        27.91057,
        6.02315,
        28.04629,
        6.17008,
        28.31786,
        6.23198,
        28.56471,
        6.17783,
        28.58936,
        6.17783,
        28.80539,
        6.13142,
        29.03372,
        6.09275,
        29.26204,
        6.0773,
        29.49654,
        6.06182,
        29.73104,
        6.05795,
        29.9779,
        6.06569,
        30.2494,
        6.07343,
        30.48396,
        5.9613,
        30.55179,
        5.80275,
        30.67522,
        5.53982,
        31.21829,
        5.63264,
        31.10722,
        5.89557,
        31.03315,
        6.06569,
        31.17511,
        6.24355,
        31.42814,
        6.30928,
        31.64411,
        6.37504,
        31.82925,
        6.46008,
        32.00204,
        6.54516,
        32.02675,
        6.5529,
        32.19954,
        6.64572,
        32.37233,
        6.74624,
        32.53276,
        6.84676,
        32.70554,
        6.97825,
        32.99564,
        7.00144,
        33.23014,
        6.91249,
        33.61272,
        6.78104,
        33.90276,
        7.08264,
        33.514,
        7.22184,
        33.27333,
        7.31078,
        33.18072,
        7.48477,
        33.26097,
        7.63945,
        33.26715,
        7.64719,
        33.34122,
        7.78638,
        33.39675,
        7.9217,
        33.42758,
        8.08024,
        33.45229,
        8.21947,
        33.45847,
        8.37411,
        33.44611,
        8.52104,
        33.42758,
        8.69894,
        33.60654,
        8.84974,
        33.85958,
        8.88841,
        34.2854,
        8.96575,
        34.14344,
        9.30215,
        34.14344,
        9.30215,
        34.14344,
        9.30215,
        27.95375,
        14.72715,
        27.95375,
        14.72715,
        27.00339,
        14.56087,
        27.00339,
        14.40236,
        26.97868,
        14.22833,
        26.94786,
        14.05821,
        26.90461,
        13.89193,
        26.85525,
        13.71794,
        26.78736,
        13.54778,
        27.64518,
        13.24234,
        27.91057,
        13.14565,
        28.00311,
        12.933,
        27.84886,
        12.77058,
        26.65776,
        11.47912,
        26.64546,
        11.46364,
        26.48497,
        11.29352,
        26.15175,
        11.23162,
        25.88019,
        11.32832,
        25.02243,
        11.63762,
        24.83729,
        11.51779,
        24.62743,
        11.40565,
        24.41764,
        11.30509,
        24.40529,
        11.29735,
        24.17696,
        11.19683,
        23.95482,
        11.0963,
        23.72032,
        11.01123,
        23.97329,
        10.4235,
        23.97329,
        10.41576,
        24.05354,
        10.22241,
        23.88075,
        10.0252,
        23.57218,
        9.97883,
        21.258,
        9.58827,
        21.24564,
        9.5844,
        20.94325,
        9.53799,
        20.6285,
        9.654,
        20.54832,
        9.8319,
        20.30146,
        10.43507,
        20.0299,
        10.43507,
        19.75839,
        10.45055,
        19.48065,
        10.47761,
        19.21532,
        10.48922,
        18.94375,
        10.52402,
        18.67843,
        10.57043,
        18.19089,
        10.03294,
        18.03046,
        9.86669,
        17.691,
        9.81254,
        17.4195,
        9.90149,
        15.35829,
        10.65164,
        15.32128,
        10.65934,
        15.06207,
        10.7599,
        14.95718,
        10.97643,
        15.11761,
        11.13884,
        15.61132,
        11.67629,
        15.42,
        11.79617,
        15.24104,
        11.93153,
        15.06825,
        12.06298,
        14.90782,
        12.20217,
        14.75968,
        12.33753,
        14.6116,
        12.48833,
        13.67354,
        12.32979,
        13.66124,
        12.32591,
        13.35267,
        12.2795,
        13.0441,
        12.39164,
        12.96386,
        12.58111,
        12.34678,
        14.02729,
        12.33442,
        14.03499,
        12.25418,
        14.22833,
        12.43932,
        14.42167,
        12.74171,
        14.47583,
        13.69207,
        14.6305,
        13.69207,
        14.80062,
        13.7106,
        14.97848,
        13.75378,
        15.14089,
        13.77849,
        15.30714,
        13.84021,
        15.48117,
        13.90192,
        15.64354,
        13.0441,
        15.95289,
        12.79107,
        16.04958,
        12.69853,
        16.25837,
        12.84043,
        16.43623,
        14.04382,
        17.73934,
        14.19814,
        17.90946,
        14.54989,
        17.96748,
        14.81522,
        17.87079,
        15.67921,
        17.56531,
        15.86435,
        17.67745,
        16.06797,
        17.79732,
        16.284,
        17.90559,
        16.29635,
        17.90559,
        16.51232,
        18.01385,
        16.74064,
        18.10667,
        16.96285,
        18.19175,
        16.716,
        18.77948,
        16.70982,
        18.78722,
        16.64193,
        18.97669,
        16.81471,
        19.17,
        17.12328,
        19.22415,
        19.42511,
        19.61853,
        19.43747,
        19.61853,
        19.74604,
        19.66494,
        20.05461,
        19.54894,
        20.13485,
        19.36334,
        20.38782,
        18.76787,
        20.66557,
        18.76787,
        20.93089,
        18.75242,
        21.20246,
        18.73307,
        21.46779,
        18.71375,
        21.74553,
        18.67509,
        22.00468,
        18.63255,
        22.49222,
        19.17,
        22.65265,
        19.33628,
        22.99828,
        19.39043,
        23.27597,
        19.28987,
        25.36182,
        18.53973,
        25.62721,
        18.44695,
        25.7074,
        18.23038,
        25.55314,
        18.06026,
        25.06561,
        17.52277,
        25.25693,
        17.40294,
        25.44207,
        17.26758,
        25.6025,
        17.12839,
        25.77529,
        16.9969,
        25.92343,
        16.86158,
        26.06533,
        16.71465,
        27.00339,
        16.86545,
        27.01575,
        16.86545,
        27.31808,
        16.91956,
        27.63283,
        16.81517,
        27.70689,
        16.618,
        28.33021,
        15.16408,
        28.33633,
        15.15634,
        28.43511,
        14.97848,
        28.26232,
        14.77743,
        27.95375,
        14.72715,
        27.95375,
        14.72715,
        27.95375,
        14.72715,
        26.79354,
        16.10369,
        26.79354,
        16.10369,
        25.95425,
        15.95676,
        25.68893,
        15.91035,
        25.40501,
        16.00317,
        25.29393,
        16.15784,
        25.13968,
        16.35119,
        24.95454,
        16.53679,
        24.75086,
        16.70691,
        24.53489,
        16.87319,
        24.28186,
        17.04331,
        24.01653,
        17.19411,
        23.8005,
        17.32173,
        23.77585,
        17.5112,
        23.92393,
        17.65813,
        24.3374,
        18.10667,
        23.22661,
        18.5088,
        22.78225,
        18.03708,
        22.64653,
        17.8824,
        22.36879,
        17.82825,
        22.12811,
        17.87466,
        22.11575,
        17.8824,
        21.78254,
        17.952,
        21.43078,
        18.00998,
        21.08521,
        18.02934,
        20.73958,
        18.06413,
        20.38782,
        18.068,
        20.0299,
        18.05639,
        19.74604,
        18.04478,
        19.50536,
        18.15691,
        19.44364,
        18.31933,
        19.22767,
        18.83359,
        17.9811,
        18.63255,
        18.20325,
        18.11054,
        18.27732,
        17.94039,
        18.14153,
        17.76253,
        17.88232,
        17.70067,
        17.57993,
        17.60011,
        17.27754,
        17.47253,
        17.00603,
        17.34879,
        16.99368,
        17.34492,
        16.72829,
        17.21347,
        16.45678,
        17.05105,
        16.22846,
        16.89638,
        16.04332,
        16.75719,
        15.73475,
        16.73783,
        15.50025,
        16.83452,
        14.77203,
        17.09746,
        14.13025,
        16.40143,
        14.89546,
        16.11918,
        15.12379,
        16.0341,
        15.22874,
        15.86011,
        15.13614,
        15.70544,
        15.13614,
        15.69769,
        15.02507,
        15.49661,
        14.951,
        15.26847,
        14.89546,
        15.05581,
        14.8461,
        14.83929,
        14.83993,
        14.61115,
        14.86464,
        14.39075,
        14.87693,
        14.21676,
        14.69797,
        14.06208,
        14.44499,
        14.02729,
        13.618,
        13.88806,
        13.95128,
        13.11086,
        14.77821,
        13.25005,
        15.06207,
        13.30033,
        15.33364,
        13.20751,
        15.44471,
        13.049,
        15.60514,
        12.84792,
        15.78411,
        12.67006,
        15.98778,
        12.4999,
        16.20993,
        12.32204,
        16.45678,
        12.15193,
        16.716,
        12.0127,
        16.92579,
        11.90443,
        16.96285,
        11.71496,
        16.83942,
        11.5719,
        16.4136,
        11.10018,
        17.52439,
        10.69801,
        17.95021,
        11.16977,
        18.086,
        11.3167,
        18.36368,
        11.37856,
        18.61671,
        11.32444,
        18.94993,
        11.26255,
        19.30168,
        11.20844,
        19.6535,
        11.17751,
        19.98671,
        11.14271,
        20.357,
        11.13497,
        20.71493,
        11.16203,
        20.99261,
        11.16977,
        21.23329,
        11.05377,
        21.295,
        10.89135,
        21.51715,
        10.37709,
        22.7576,
        10.58587,
        22.5231,
        11.10018,
        22.46139,
        11.28191,
        22.59711,
        11.44815,
        22.83779,
        11.51779,
        23.15871,
        11.61444,
        23.45493,
        11.73044,
        23.73261,
        11.86576,
        23.74497,
        11.87351,
        24.01653,
        12.00499,
        24.26951,
        12.15193,
        24.49789,
        12.31817,
        24.68915,
        12.45353,
        24.99772,
        12.47672,
        25.2384,
        12.3839,
        25.96043,
        12.11326,
        26.58993,
        12.81312,
        25.84318,
        13.09154,
        25.60868,
        13.17658,
        25.50996,
        13.35061,
        25.59015,
        13.50528,
        25.7074,
        13.71407,
        25.78147,
        13.93447,
        25.84318,
        14.151,
        25.88636,
        14.36369,
        25.89254,
        14.59953,
        25.86789,
        14.81993,
        25.85554,
        14.99009,
        26.02832,
        15.13702,
        26.28136,
        15.18343,
        27.12682,
        15.32262,
        26.79354,
        16.10369,
        26.79354,
        16.10369,
        26.79354,
        16.10369,
        20.357,
        12.65845,
        20.357,
        12.65845,
        19.54236,
        12.65845,
        18.77714,
        12.86727,
        18.2156,
        13.19981,
        18.17236,
        13.22686,
        17.61082,
        13.58258,
        17.25907,
        14.06208,
        17.25907,
        14.60727,
        17.25907,
        15.12154,
        17.58611,
        15.59717,
        18.123,
        15.93358,
        18.17854,
        15.97224,
        18.74014,
        16.32409,
        19.50536,
        16.54066,
        20.357,
        16.54066,
        21.20864,
        16.54066,
        21.98621,
        16.32409,
        22.54157,
        15.97224,
        22.54157,
        15.97224,
        23.10936,
        15.61649,
        23.45493,
        15.14089,
        23.45493,
        14.60727,
        23.45493,
        14.06208,
        23.10936,
        13.58645,
        22.54157,
        13.22686,
        21.99233,
        12.88659,
        21.21475,
        12.65845,
        20.357,
        12.65845,
        20.357,
        12.65845,
        20.357,
        12.65845,
        21.22711,
        15.13702,
        21.22711,
        15.13702,
        21.21475,
        15.13702,
        20.99879,
        15.27621,
        20.69022,
        15.35742,
        20.357,
        15.35742,
        20.02372,
        15.35742,
        19.7275,
        15.27234,
        19.49918,
        15.13702,
        19.46835,
        15.12154,
        19.27703,
        14.99009,
        19.14743,
        14.80836,
        19.14743,
        14.60727,
        19.14743,
        14.39849,
        19.28939,
        14.20515,
        19.49918,
        14.06208,
        19.53624,
        14.04273,
        19.75221,
        13.92286,
        20.0299,
        13.84552,
        20.35082,
        13.84552,
        20.68404,
        13.84552,
        20.99261,
        13.93447,
        21.20864,
        14.06208,
        21.43078,
        14.20515,
        21.56039,
        14.39849,
        21.56039,
        14.60727,
        21.56657,
        14.80836,
        21.43696,
        15.00557,
        21.22711,
        15.13702,
        21.22711,
        15.13702,
        21.22711,
        15.13702
      ],
      "segments": [
        1,
        2,
        4,
        4,
        2,
        4,
        2,
        2,
        4,
        2,
        4,
        2,
        4,
        2,
        2,
        4,
        2,
        2,
        4,
        2,
        4,
        4,
        2,
        4,
        2,
        4,
        2,
        4,
        4,
        2,
        2,
        4,
        2,
        2,
        4,
        2,
        4,
        4,
        2,
        4,
        2,
        2,
        4,
        2,
        4,
        4,
        2,
        2,
        4,
        2,
        2,
        4,
        2,
        4,
        4,
        2,
        4,
        2,
        4,
        2,
        4,
        4,
        2,
        2,
        4,
        2,
        2,
        4,
        2,
        2,
        1,
        2,
        2,
        4,
        4,
        4,
        4,
        2,
        2,
        2,
        4,
        2,
        4,
        4,
        4,
        2,
        2,
        2,
        2,
        4,
        4,
        2,
        4,
        4,
        2,
        2,
        2,
        4,
        2,
        4,
        4,
        4,
        2,
        2,
        2,
        4,
        4,
        4,
        4,
        2,
        2,
        2,
        4,
        2,
        4,
        4,
        4,
        2,
        2,
        2,
        4,
        4,
        2,
        4,
        4,
        2,
        2,
        2,
        4,
        2,
        4,
        4,
        4,
        2,
        2,
        2,
        2,
        1,
        2,
        2,
        4,
        4,
        2,
        4,
        2,
        2,
        4,
        2,
        4,
        2,
        4,
        2,
        2,
        4,
        2,
        2,
        4,
        2,
        4,
        4,
        2,
        4,
        2,
        2,
        4,
        2,
        4,
        4,
        2,
        2,
        4,
        2,
        2,
        4,
        2,
        4,
        4,
        2,
        4,
        2,
        4,
        2,
        4,
        2,
        4,
        2,
        2,
        4,
        2,
        2,
        4,
        2,
        4,
        4,
        2,
        4,
        2,
        4,
        2,
        4,
        4,
        2,
        2,
        4,
        2,
        2,
        4,
        2,
        2,
        1,
        2,
        2,
        4,
        4,
        4,
        4,
        2,
        2,
        2,
        4,
        2,
        4,
        4,
        4,
        2,
        2,
        2,
        4,
        4,
        2,
        4,
        4,
        2,
        2,
        2,
        4,
        2,
        4,
        4,
        4,
        2,
        2,
        2,
        4,
        4,
        4,
        4,
        2,
        2,
        2,
        4,
        4,
        4,
        4,
        2,
        2,
        2,
        4,
        4,
        2,
        4,
        4,
        2,
        2,
        2,
        4,
        4,
        4,
        4,
        2,
        2,
        2,
        2,
        1,
        2,
        4,
        2,
        4,
        4,
        2,
        4,
        4,
        2,
        4,
        4,
        4,
        2,
        2,
        1,
        2,
        2,
        4,
        4,
        2,
        4,
        4,
        2,
        4,
        4,
        4,
        4,
        2,
        2
      ]
    },
    {
      "type": "roundRect",
      "background": "rgb(26,139,184)",
      "borderColor": "#979797",
      "shadowColor": "#1ABC9C",
      "rect": [
        19.95593,
        32.51106,
        6.65556,
        2.40161
      ]
    },
    {
      "type": "roundRect",
      "background": "rgb(26,139,184)",
      "borderColor": "#979797",
      "shadowColor": "#1ABC9C",
      "rect": [
        19.95593,
        40.39181,
        6.65556,
        2.40161
      ]
    },
    {
      "type": "roundRect",
      "background": "rgb(26,139,184)",
      "borderColor": "#979797",
      "shadowColor": "#1ABC9C",
      "rect": [
        17.28073,
        32.4974,
        1.79722,
        1.21447
      ]
    },
    {
      "type": "roundRect",
      "background": "rgb(26,139,184)",
      "borderColor": "#979797",
      "shadowColor": "#1ABC9C",
      "rect": [
        27.41046,
        32.4974,
        1.79722,
        1.21447
      ]
    },
    {
      "type": "roundRect",
      "background": "rgb(26,139,184)",
      "borderColor": "#979797",
      "shadowColor": "#1ABC9C",
      "rect": [
        17.28073,
        40.37814,
        1.79722,
        1.21447
      ]
    },
    {
      "type": "roundRect",
      "background": "rgb(26,139,184)",
      "borderColor": "#979797",
      "shadowColor": "#1ABC9C",
      "rect": [
        27.41046,
        40.37814,
        1.79722,
        1.21447
      ]
    }
  ]
}