{
  "background": "rgb(143,143,143)",
  "width": 161,
  "height": 100,
  "comps": [
    {
      "type": "rect",
      "background": "rgb(8,30,140)",
      "borderWidth": 1,
      "borderColor": "rgb(255,255,255)",
      "rect": [
        3.72836,
        51.4514,
        144.0212,
        19.1625
      ]
    },
    {
      "type": "trapezoid",
      "background": "rgb(217,217,217)",
      "borderWidth": 1,
      "borderColor": "rgb(255,255,255)",
      "rect": [
        9.07328,
        35.00095,
        131.67225,
        16.45045
      ]
    },
    {
      "type": "rect",
      "background": "rgb(122,116,116)",
      "borderWidth": 1,
      "borderColor": "rgb(255,255,255)",
      "rect": [
        37.21187,
        54.2758,
        63.00607,
        13.51369
      ]
    },
    {
      "type": "circle",
      "background": "rgb(0,255,0)",
      "borderColor": "#979797",
      "rect": [
        78.19249,
        57.43375,
        10.62013,
        7.19781
      ]
    },
    {
      "type": "circle",
      "background": "rgb(0,255,0)",
      "borderColor": "#979797",
      "rect": [
        89.20521,
        57.43375,
        10.62013,
        7.19781
      ]
    },
    {
      "type": "circle",
      "background": "rgb(0,255,0)",
      "borderColor": "#979797",
      "rect": [
        100.21794,
        57.43375,
        10.62013,
        7.19781
      ]
    },
    {
      "type": "circle",
      "background": "rgb(0,255,0)",
      "borderColor": "#979797",
      "rect": [
        111.23066,
        57.43375,
        10.62013,
        7.19781
      ]
    },
    {
      "type": "circle",
      "background": "rgb(0,255,0)",
      "borderColor": "#979797",
      "rect": [
        122.24338,
        57.43375,
        10.62013,
        7.19781
      ]
    },
    {
      "type": "circle",
      "background": "rgb(0,255,0)",
      "borderColor": "#979797",
      "rect": [
        133.25611,
        57.43375,
        10.62013,
        7.19781
      ]
    },
    {
      "type": "rect",
      "background": "rgb(217,217,217)",
      "borderColor": "rgb(255,255,255)",
      "rect": [
        13.21863,
        54.2758,
        15.25389,
        4.67825
      ]
    },
    {
      "type": "circle",
      "background": "rgb(0,0,0)",
      "borderColor": "rgb(255,255,255)",
      "rect": [
        4.31745,
        65.77543,
        5.22693,
        2.75927
      ]
    },
    {
      "type": "circle",
      "background": "rgb(0,0,0)",
      "borderColor": "rgb(255,255,255)",
      "rect": [
        141.93354,
        65.77543,
        5.22693,
        2.75927
      ]
    },
    {
      "type": "circle",
      "background": "rgb(0,0,0)",
      "borderColor": "rgb(255,255,255)",
      "rect": [
        4.31745,
        53.71829,
        5.22693,
        2.75927
      ]
    },
    {
      "type": "circle",
      "background": "rgb(0,0,0)",
      "borderColor": "rgb(255,255,255)",
      "rect": [
        141.93354,
        53.71829,
        5.22693,
        2.75927
      ]
    },
    {
      "type": "shape",
      "background": "rgba(255,255,255,0.3)",
      "borderColor": "#979797",
      "points": [
        87.73073,
        34.99945,
        107.96914,
        35.09229,
        140.462,
        51.61723,
        102.95595,
        51.61723
      ]
    },
    {
      "type": "shape",
      "background": "rgba(255,255,255,0.3)",
      "borderColor": "#979797",
      "points": [
        78.19249,
        35.00095,
        72.23874,
        35.00095,
        69.69719,
        51.61873,
        87.53577,
        51.61873
      ]
    }
  ]
}