{
  "background": "rgb(0,9,41)",
  "width": 24,
  "height": 24,
  "comps": [
    {
      "type": "rect",
      "background": "rgba(0,8,28,0.80)",
      "borderWidth": 0.4,
      "borderColor": "rgb(30,232,178)",
      "borderJoin": "bevel",
      "rect": [
        3.5,
        3.5,
        17,
        17
      ]
    },
    {
      "type": "shape",
      "borderWidth": 2,
      "borderColor": "rgb(30,232,178)",
      "borderJoin": "bevel",
      "points": [
        3.50449,
        8.64279,
        3.50449,
        20.43962,
        15.54115,
        20.43962
      ]
    },
    {
      "type": "shape",
      "borderWidth": 2,
      "borderColor": "rgb(30,232,178)",
      "borderJoin": "bevel",
      "points": [
        13.37055,
        3.66242,
        20.34705,
        3.66242,
        20.34705,
        10.3783
      ]
    },
    {
      "type": "star",
      "background": "rgb(255,185,71)",
      "borderColor": "rgb(255,255,255)",
      "rect": [
        6.6652,
        6.43721,
        10.6696,
        11.12558
      ]
    }
  ]
}