{
  "background": "rgb(255,255,255)",
  "width": 160,
  "height": 648,
  "comps": [
    {
      "type": "shape",
      "background": "rgba(0,8,28,0.80)",
      "borderColor": "#979797",
      "points": [
        3.27454,
        100.65925,
        8.64691,
        96.78284,
        8.64691,
        76.67618,
        3.27454,
        71.36315,
        3.27454,
        32.38966,
        27.97395,
        4.11657,
        149.24851,
        4.11657,
        149.24851,
        643.03112,
        3.27454,
        643.03112
      ]
    },
    {
      "type": "shape",
      "background": "rgba(0,55,255,0.19)",
      "borderColor": "#979797",
      "shadowColor": "#1ABC9C",
      "points": [
        27.82179,
        4.81215,
        3.12824,
        32.71869,
        3.12824,
        54.25487,
        148.05775,
        54.25487,
        148.05775,
        4.81215
      ]
    },
    {
      "type": "shape",
      "borderWidth": 1,
      "borderColor": "rgb(14,57,176)",
      "borderCap": "square",
      "shadowColor": "#1ABC9C",
      "rotation": -1.5708,
      "points": [
        -38.43164,
        434.46306,
        118.16323,
        434.46306,
        122.28441,
        428.77901,
        351.37525,
        428.77901
      ]
    },
    {
      "type": "shape",
      "background": "rgb(14,57,176)",
      "borderColor": "rgb(14,57,176)",
      "fillRule": "evenodd",
      "shadowColor": "#1ABC9C",
      "rotation": -1.5708,
      "points": [
        185.78509,
        603.41673,
        178.91563,
        613.4551,
        121.58713,
        613.4551,
        121.58713,
        602.19861
      ]
    },
    {
      "type": "shape",
      "background": "rgb(235,145,0)",
      "fillRule": "evenodd",
      "shadowColor": "#1ABC9C",
      "rotation": -1.5708,
      "points": [
        106.14698,
        599.32677,
        109.90573,
        594.14703,
        109.90573,
        610.46919,
        132.38855,
        630.1916,
        173.91251,
        630.1916,
        171.00929,
        634.0873,
        117.97626,
        634.0873,
        106.14698,
        623.92473
      ]
    },
    {
      "type": "shape",
      "borderWidth": 1,
      "borderColor": "rgb(14,57,176)",
      "borderCap": "square",
      "shadowColor": "#1ABC9C",
      "rotation": -1.5708,
      "points": [
        -5.95708,
        13.89873,
        45.54821,
        13.89892,
        49.62521,
        19.66895,
        69.58001,
        19.66895,
        74.49752,
        13.89892,
        123.29847,
        13.89892,
        141.24555,
        29.47396,
        141.24514,
        142.9282
      ]
    },
    {
      "type": "shape",
      "background": "rgb(0,16,61)",
      "borderWidth": 1,
      "borderColor": "rgb(14,57,176)",
      "borderCap": "square",
      "shadowColor": "#1ABC9C",
      "rotation": -1.5708,
      "closePath": true,
      "points": [
        -7.20959,
        83.20857,
        -3.64362,
        88.5076,
        10.08343,
        88.5076,
        14.5313,
        83.20857,
        -7.20959,
        83.20857
      ]
    },
    {
      "type": "shape",
      "background": "rgb(184,113,0)",
      "borderWidth": 2,
      "borderColor": "rgb(0,0,0)",
      "borderCap": "square",
      "borderJoin": "bevel",
      "shadowColor": "#1ABC9C",
      "rotation": -1.5708,
      "closePath": true,
      "points": [
        139.63974,
        627.78816,
        139.63974,
        644.65688,
        159.03571,
        644.65688
      ]
    },
    {
      "type": "shape",
      "background": "rgba(255,185,71,0.9)",
      "fillRule": "evenodd",
      "shadowColor": "#1ABC9C",
      "rotation": -1.5708,
      "points": [
        150.14798,
        563.66953,
        163.45056,
        563.66953,
        159.01636,
        570.04936,
        145.71378,
        570.04936,
        150.14798,
        563.66953,
        150.14798,
        563.66953
      ]
    },
    {
      "type": "shape",
      "background": "rgba(255,185,71,0.7)",
      "fillRule": "evenodd",
      "shadowColor": "#1ABC9C",
      "rotation": -1.5708,
      "points": [
        150.14798,
        542.87764,
        163.45056,
        542.87764,
        159.01636,
        549.25748,
        145.71378,
        549.25748,
        150.14798,
        542.87764,
        150.14798,
        542.87764
      ]
    },
    {
      "type": "shape",
      "background": "rgba(255,185,71,0.5)",
      "fillRule": "evenodd",
      "shadowColor": "#1ABC9C",
      "rotation": -1.5708,
      "points": [
        150.14798,
        522.08574,
        163.45056,
        522.08574,
        159.01636,
        528.46557,
        145.71378,
        528.46557,
        150.14798,
        522.08574,
        150.14798,
        522.08574
      ]
    },
    {
      "type": "shape",
      "background": "rgba(255,185,71,0.3)",
      "fillRule": "evenodd",
      "shadowColor": "#1ABC9C",
      "rotation": -1.5708,
      "points": [
        150.14798,
        501.29383,
        163.45056,
        501.29383,
        159.01636,
        507.67367,
        145.71378,
        507.67367,
        150.14798,
        501.29383,
        150.14798,
        501.29383
      ]
    },
    {
      "type": "shape",
      "background": "rgba(255,185,71,0.1)",
      "fillRule": "evenodd",
      "shadowColor": "#1ABC9C",
      "rotation": -1.5708,
      "points": [
        150.14798,
        480.50195,
        163.45056,
        480.50195,
        159.01636,
        486.88179,
        145.71378,
        486.88179,
        150.14798,
        480.50195,
        150.14798,
        480.50195
      ]
    }
  ]
}