{
  "background": "rgb(0,9,41)",
  "width": 24,
  "height": 24,
  "comps": [
    {
      "type": "rect",
      "background": "rgba(0,8,28,0.80)",
      "borderWidth": 0.4,
      "borderColor": "rgb(30,232,178)",
      "borderJoin": "bevel",
      "rect": [
        3.5,
        3.5,
        17,
        17
      ]
    },
    {
      "type": "shape",
      "borderWidth": 2,
      "borderColor": "rgb(30,232,178)",
      "borderJoin": "bevel",
      "points": [
        3.50449,
        8.64279,
        3.50449,
        20.43962,
        15.54115,
        20.43962
      ]
    },
    {
      "type": "shape",
      "borderWidth": 2,
      "borderColor": "rgb(30,232,178)",
      "borderJoin": "bevel",
      "points": [
        13.37055,
        3.66242,
        20.34705,
        3.66242,
        20.34705,
        10.3783
      ]
    },
    {
      "type": "shape",
      "background": "rgb(255,255,255)",
      "shadowColor": "#1ABC9C",
      "points": [
        12.00142,
        6.26449,
        13.36409,
        6.26449,
        14.60491,
        6.81975,
        15.49731,
        7.70932,
        17.17159,
        9.38927,
        17.41238,
        12.04942,
        16.08374,
        13.99283,
        15.55113,
        14.78038,
        14.77773,
        15.4093,
        13.88252,
        15.77759,
        12.30738,
        17.38106,
        12.1374,
        17.55953,
        11.86544,
        17.55953,
        11.69545,
        17.38671,
        11.68981,
        17.38106,
        11.68697,
        17.37823,
        10.11467,
        15.78043,
        9.21944,
        15.41213,
        8.45454,
        14.78322,
        7.91345,
        13.99566,
        6.58762,
        12.05225,
        6.82844,
        9.39208,
        8.50272,
        7.71215,
        9.39793,
        6.81975,
        10.63594,
        6.26449,
        12.00142,
        6.26449,
        12.00142,
        6.26449,
        12.00142,
        6.26449,
        12.00142,
        8.71501,
        12.00142,
        8.71501,
        12.68983,
        8.71501,
        13.30459,
        8.98413,
        13.75502,
        9.43459,
        14.20264,
        9.88785,
        14.48311,
        10.50545,
        14.48311,
        11.19386,
        14.48311,
        11.8766,
        14.20547,
        12.49984,
        13.75502,
        12.9503,
        13.30743,
        13.39791,
        12.68983,
        13.67552,
        12.00142,
        13.67552,
        11.31301,
        13.67552,
        10.6926,
        13.39791,
        10.24498,
        12.9503,
        9.79736,
        12.50268,
        9.51976,
        11.87944,
        9.51976,
        11.19386,
        9.51976,
        10.50545,
        9.79736,
        9.88785,
        10.24498,
        9.43459,
        10.69543,
        8.98413,
        11.31584,
        8.71501,
        12.00142,
        8.71501,
        12.00142,
        8.71501,
        12.00142,
        8.71501,
        13.38959,
        9.80285,
        13.38959,
        9.80285,
        13.03263,
        9.45441,
        12.54251,
        9.2306,
        12.00142,
        9.2306,
        11.45749,
        9.2306,
        10.97023,
        9.45157,
        10.61328,
        9.80285,
        10.25632,
        10.16264,
        10.03535,
        10.65277,
        10.03535,
        11.19386,
        10.03535,
        11.73778,
        10.25632,
        12.22505,
        10.61328,
        12.582,
        10.97023,
        12.93895,
        11.45749,
        13.15709,
        12.00142,
        13.15709,
        12.54251,
        13.15709,
        13.03263,
        12.93895,
        13.38959,
        12.582,
        13.7437,
        12.22505,
        13.96468,
        11.73778,
        13.96468,
        11.19386,
        13.96468,
        10.65277,
        13.7437,
        10.15981,
        13.38959,
        9.80285,
        13.38959,
        9.80285,
        13.38959,
        9.80285,
        14.88821,
        8.32122,
        14.88821,
        8.32122,
        14.15165,
        7.58465,
        13.13178,
        7.13139,
        12.00425,
        7.13139,
        10.87673,
        7.13139,
        9.85686,
        7.58465,
        9.12313,
        8.32122,
        7.74631,
        9.70371,
        7.54235,
        11.90209,
        8.63587,
        13.5084,
        9.09196,
        14.17696,
        9.74637,
        14.70106,
        10.51127,
        15.00419,
        10.57077,
        15.02685,
        10.63026,
        15.06369,
        10.67277,
        15.10617,
        12.00425,
        16.46601,
        13.33576,
        15.10617,
        13.33576,
        15.11751,
        13.37541,
        15.06936,
        13.42923,
        15.03252,
        13.48306,
        15.00986,
        14.25363,
        14.71241,
        14.91087,
        14.1798,
        15.36983,
        13.5084,
        16.46619,
        11.90493,
        16.2622,
        9.70371,
        14.88821,
        8.32122,
        14.88821,
        8.32122,
        14.88821,
        8.32122
      ],
      "segments": [
        1,
        4,
        4,
        4,
        2,
        4,
        2,
        2,
        2,
        4,
        4,
        4,
        2,
        2,
        1,
        2,
        4,
        4,
        4,
        4,
        4,
        4,
        4,
        4,
        2,
        2,
        1,
        2,
        4,
        4,
        4,
        4,
        4,
        4,
        4,
        4,
        2,
        2,
        1,
        2,
        4,
        4,
        4,
        4,
        4,
        2,
        2,
        2,
        4,
        4,
        4,
        2,
        2
      ]
    }
  ]
}