{
  "background": "rgb(0,9,41)",
  "width": 24,
  "height": 24,
  "comps": [
    {
      "type": "oval",
      "borderWidth": 1,
      "borderColor": "rgba(255,255,255,0.6)",
      "rect": [
        0.82275,
        0.82275,
        22.3545,
        22.3545
      ]
    },
    {
      "type": "oval",
      "background": "rgba(0,8,28,0.80)",
      "borderWidth": 0.4,
      "borderColor": "rgb(30,232,178)",
      "rect": [
        2.52415,
        2.56949,
        18.9517,
        18.68505
      ]
    },
    {
      "type": "arc",
      "borderWidth": 2,
      "borderColor": "rgb(30,232,178)",
      "arcFrom": 2.05949,
      "arcTo": 4.41569,
      "arcClose": false,
      "rect": [
        2.52415,
        2.76511,
        18.9517,
        18.29382
      ]
    },
    {
      "type": "arc",
      "borderWidth": 2,
      "borderColor": "rgb(30,232,178)",
      "arcFrom": -0.64577,
      "arcTo": 0.97739,
      "arcClose": false,
      "rotation": 0.5151,
      "rect": [
        2.52415,
        2.76511,
        18.9517,
        18.29382
      ]
    },
    {
      "type": "shape",
      "background": "rgb(255,255,255)",
      "shadowColor": "#1ABC9C",
      "points": [
        17.58801,
        17.08702,
        15.47572,
        18,
        13.29007,
        17.85877,
        11.4152,
        17.02501,
        9.46696,
        16.17055,
        7.85394,
        14.57883,
        6.98459,
        12.66322,
        6.13617,
        10.78897,
        6,
        8.62532,
        6.94618,
        6.52368,
        7.06487,
        6.26184,
        7.3861,
        6.14123,
        7.64794,
        6.25494,
        7.70729,
        6.2894,
        7.76317,
        6.32385,
        7.80854,
        6.36175,
        7.80854,
        6.36175,
        11.71196,
        10.21359,
        14.72156,
        8.38759,
        14.59588,
        8.1533,
        14.54,
        7.89836,
        14.54,
        7.64339,
        14.54,
        7.22308,
        14.70758,
        6.79931,
        15.02182,
        6.47888,
        15.35,
        6.16193,
        15.76899,
        6,
        16.19842,
        6,
        16.19842,
        6,
        16.6209,
        6,
        17.05033,
        6.16193,
        17.37156,
        6.48578,
        17.69625,
        6.79931,
        17.86034,
        7.21963,
        17.86034,
        7.64339,
        17.86034,
        8.05339,
        17.69625,
        8.47715,
        17.37156,
        8.80104,
        17.05033,
        9.11799,
        16.62439,
        9.2765,
        16.19842,
        9.2765,
        15.93657,
        9.2765,
        15.67473,
        9.2179,
        15.4408,
        9.09733,
        13.58687,
        12.07064,
        17.79401,
        16.20845,
        18,
        16.42552,
        18,
        16.75282,
        17.79401,
        16.96296,
        17.73466,
        17.01466,
        17.66483,
        17.05946,
        17.58801,
        17.08702,
        17.58801,
        17.08702,
        17.58801,
        17.08702,
        16.19842,
        6.63049,
        16.19842,
        6.63049,
        15.93657,
        6.63049,
        15.67123,
        6.73385,
        15.47572,
        6.93023,
        15.28367,
        7.12316,
        15.17546,
        7.385,
        15.17546,
        7.64684,
        15.17546,
        7.90181,
        15.28021,
        8.1533,
        15.47572,
        8.35658,
        15.67123,
        8.54951,
        15.93657,
        8.64942,
        16.19842,
        8.64942,
        16.4638,
        8.64942,
        16.71866,
        8.55296,
        16.92116,
        8.35658,
        17.11667,
        8.1533,
        17.21792,
        7.90181,
        17.21792,
        7.64684,
        17.21792,
        7.385,
        17.12016,
        7.12316,
        16.92116,
        6.93023,
        16.72215,
        6.7373,
        16.4638,
        6.63049,
        16.19842,
        6.63049,
        16.19842,
        6.63049,
        16.19842,
        6.63049,
        12.17281,
        10.6615,
        12.17281,
        10.6615,
        13.12947,
        11.61587,
        14.53304,
        9.28681,
        12.17281,
        10.6615,
        12.17281,
        10.6615,
        12.17281,
        10.6615,
        11.84463,
        16.07408,
        11.84463,
        16.07408,
        13.26214,
        16.69423,
        14.86472,
        16.87339,
        16.45681,
        16.38417,
        7.64445,
        7.68819,
        7.14868,
        9.25236,
        7.32671,
        10.83377,
        7.95869,
        12.23601,
        8.7163,
        13.91733,
        10.1443,
        15.31268,
        11.84463,
        16.07408,
        11.84463,
        16.07408,
        11.84463,
        16.07408
      ],
      "segments": [
        1,
        4,
        4,
        4,
        4,
        4,
        2,
        2,
        2,
        4,
        4,
        4,
        2,
        4,
        4,
        4,
        4,
        4,
        2,
        2,
        4,
        4,
        2,
        2,
        1,
        2,
        4,
        4,
        4,
        4,
        4,
        4,
        4,
        4,
        2,
        2,
        1,
        2,
        2,
        2,
        2,
        2,
        2,
        1,
        2,
        4,
        2,
        4,
        4,
        2,
        2
      ]
    }
  ]
}