{
  "background": "rgb(10,2,77)",
  "width": 24,
  "height": 24,
  "comps": [
    {
      "type": "rect",
      "background": "rgba(0,8,28,0.80)",
      "borderWidth": 0.4,
      "borderColor": "rgb(30,232,178)",
      "borderJoin": "bevel",
      "rect": [
        3.5,
        3.5,
        17,
        17
      ]
    },
    {
      "type": "shape",
      "borderWidth": 2,
      "borderColor": "rgb(30,232,178)",
      "borderJoin": "bevel",
      "points": [
        3.50449,
        8.64279,
        3.50449,
        20.43962,
        15.54115,
        20.43962
      ]
    },
    {
      "type": "shape",
      "borderWidth": 2,
      "borderColor": "rgb(30,232,178)",
      "borderJoin": "bevel",
      "points": [
        13.37055,
        3.66242,
        20.34705,
        3.66242,
        20.34705,
        10.3783
      ]
    },
    {
      "type": "shape",
      "background": "rgb(255,255,255)",
      "shadowColor": "#1ABC9C",
      "points": [
        15.31703,
        11.67492,
        15.31703,
        11.40687,
        15.52088,
        11.17761,
        15.77568,
        11.17761,
        16.03048,
        11.17761,
        16.23433,
        11.40364,
        16.23433,
        11.67492,
        16.23433,
        16.50589,
        16.23433,
        16.7804,
        16.03348,
        17,
        15.77568,
        17,
        15.76668,
        17,
        8.23032,
        17,
        7.97252,
        17,
        7.76867,
        16.7804,
        7.76867,
        16.50589,
        7.76867,
        16.49624,
        7.76867,
        11.67492,
        7.76867,
        11.40687,
        7.97252,
        11.17761,
        8.23032,
        11.17761,
        8.48515,
        11.17761,
        8.686,
        11.40364,
        8.686,
        11.67492,
        8.686,
        16.00859,
        10.15788,
        16.00859,
        10.15788,
        11.14209,
        10.15788,
        10.97738,
        10.2838,
        10.84174,
        10.43369,
        10.84174,
        10.43966,
        10.84174,
        13.56934,
        10.84174,
        13.7222,
        10.84174,
        13.84211,
        10.97738,
        13.84211,
        11.14209,
        13.84211,
        11.14852,
        13.84211,
        16.00859,
        15.31703,
        16.00859,
        15.31703,
        11.67492,
        15.31703,
        11.67492,
        15.31703,
        11.67492,
        10.70347,
        16.01182,
        10.70347,
        16.01182,
        13.29653,
        16.01182,
        13.29653,
        11.44563,
        10.70347,
        11.44563,
        10.70347,
        16.01182,
        10.70347,
        16.01182,
        10.70347,
        16.01182,
        6.83336,
        11.81052,
        6.83336,
        11.81052,
        6.64752,
        12.00429,
        6.36574,
        12.00429,
        6.17987,
        11.81052,
        6,
        11.61679,
        6,
        11.30675,
        6.17987,
        11.11302,
        11.67775,
        5.19376,
        11.85462,
        5,
        12.14541,
        5,
        12.32528,
        5.19376,
        12.33125,
        5.20342,
        17.81716,
        11.11302,
        18,
        11.30675,
        18,
        11.61679,
        17.81716,
        11.81052,
        17.64029,
        12.00429,
        17.34951,
        12.00429,
        17.16963,
        11.81052,
        12.00151,
        6.24326,
        6.83336,
        11.81052,
        6.83336,
        11.81052,
        6.83336,
        11.81052
      ],
      "segments": [
        1,
        4,
        4,
        2,
        4,
        2,
        2,
        4,
        2,
        2,
        4,
        4,
        2,
        2,
        2,
        4,
        2,
        2,
        4,
        2,
        2,
        2,
        2,
        2,
        2,
        1,
        2,
        2,
        2,
        2,
        2,
        2,
        2,
        1,
        2,
        4,
        4,
        2,
        4,
        2,
        2,
        4,
        4,
        2,
        2,
        2,
        2
      ]
    }
  ]
}