{
  "background": "rgb(10,2,77)",
  "width": 24,
  "height": 24,
  "comps": [
    {
      "type": "rect",
      "background": "rgba(0,8,28,0.80)",
      "borderWidth": 0.4,
      "borderColor": "rgb(204,0,0)",
      "borderJoin": "bevel",
      "rect": [
        3.5,
        3.5,
        17,
        17
      ]
    },
    {
      "type": "shape",
      "borderWidth": 2,
      "borderColor": "rgb(204,0,0)",
      "borderJoin": "bevel",
      "points": [
        3.50449,
        8.64279,
        3.50449,
        20.43962,
        15.54115,
        20.43962
      ]
    },
    {
      "type": "shape",
      "borderWidth": 2,
      "borderColor": "rgb(204,0,0)",
      "borderJoin": "bevel",
      "points": [
        13.37055,
        3.66242,
        20.34705,
        3.66242,
        20.34705,
        10.3783
      ]
    },
    {
      "type": "shape",
      "background": "rgb(255,255,255)",
      "shadowColor": "#1ABC9C",
      "points": [
        14.6792,
        13.18222,
        16.1747,
        13.18222,
        16.32245,
        13.18222,
        16.44659,
        13.06695,
        16.44659,
        12.91325,
        16.44659,
        12.76547,
        16.32245,
        12.64133,
        16.1747,
        12.64133,
        14.6792,
        12.64133,
        14.53142,
        12.64133,
        14.40728,
        12.76547,
        14.40728,
        12.91325,
        14.40728,
        13.06695,
        14.53142,
        13.18222,
        14.6792,
        13.18222,
        14.6792,
        13.18222,
        14.6792,
        13.18222,
        14.6792,
        11.02468,
        14.6792,
        11.02468,
        16.1747,
        11.02468,
        16.32245,
        11.02468,
        16.44659,
        10.90349,
        16.44659,
        10.75571,
        16.44659,
        10.60793,
        16.32245,
        10.48382,
        16.1747,
        10.48382,
        14.6792,
        10.48382,
        14.53142,
        10.48382,
        14.40728,
        10.60793,
        14.40728,
        10.75571,
        14.40728,
        10.90349,
        14.53142,
        11.02468,
        14.6792,
        11.02468,
        14.6792,
        11.02468,
        14.6792,
        11.02468,
        14.6792,
        15.33973,
        14.6792,
        15.33973,
        16.1747,
        15.33973,
        16.32245,
        15.33973,
        16.44659,
        15.21858,
        16.44659,
        15.07375,
        16.44659,
        14.92006,
        16.32245,
        14.79887,
        16.1747,
        14.79887,
        14.6792,
        14.79887,
        14.53142,
        14.79887,
        14.40728,
        14.92006,
        14.40728,
        15.07375,
        14.40728,
        15.21858,
        14.53142,
        15.33973,
        14.6792,
        15.33973,
        14.6792,
        15.33973,
        14.6792,
        15.33973,
        7.8135,
        13.18222,
        7.8135,
        13.18222,
        9.30604,
        13.18222,
        9.45382,
        13.18222,
        9.57204,
        13.06695,
        9.57204,
        12.91325,
        9.57204,
        12.76547,
        9.45382,
        12.64133,
        9.30604,
        12.64133,
        7.8135,
        12.64133,
        7.65983,
        12.64133,
        7.53864,
        12.76547,
        7.53864,
        12.91325,
        7.53864,
        13.06695,
        7.65983,
        13.18222,
        7.8135,
        13.18222,
        7.8135,
        13.18222,
        7.8135,
        13.18222,
        14.6792,
        8.86122,
        14.6792,
        8.86122,
        16.1747,
        8.86122,
        16.32245,
        8.86122,
        16.44659,
        8.7371,
        16.44659,
        8.59524,
        16.44659,
        8.44746,
        16.32245,
        8.32332,
        16.1747,
        8.32332,
        14.6792,
        8.32332,
        14.53142,
        8.32332,
        14.40728,
        8.44746,
        14.40728,
        8.59524,
        14.40728,
        8.7371,
        14.53142,
        8.86122,
        14.6792,
        8.86122,
        14.6792,
        8.86122,
        14.6792,
        8.86122,
        17.32142,
        6.13622,
        17.32142,
        6.13622,
        10.73355,
        6.13622,
        10.48234,
        6.13622,
        10.2784,
        6.33131,
        10.2784,
        6.57956,
        10.2784,
        10.55178,
        6.67267,
        10.55178,
        6.43033,
        10.55178,
        6.22344,
        10.75571,
        6.22344,
        11.004,
        6.22344,
        17.41452,
        6.22344,
        17.66869,
        6.42737,
        17.86375,
        6.67267,
        17.86375,
        17.31849,
        17.86375,
        17.57266,
        17.86375,
        17.77363,
        17.66869,
        17.77363,
        17.41452,
        17.77363,
        6.58252,
        17.77659,
        6.33131,
        17.57266,
        6.13622,
        17.32142,
        6.13622,
        17.32142,
        6.13622,
        17.32142,
        6.13622,
        10.2784,
        16.95346,
        10.2784,
        16.95346,
        7.12782,
        16.95346,
        7.12782,
        11.45323,
        10.2784,
        11.45323,
        10.2784,
        16.95346,
        10.2784,
        16.95346,
        10.2784,
        16.95346,
        16.87218,
        16.95346,
        16.87218,
        16.95346,
        11.17985,
        16.95346,
        11.17985,
        7.03767,
        16.87218,
        7.03767,
        16.87218,
        16.95346,
        16.87218,
        16.95346,
        16.87218,
        16.95346,
        11.87734,
        15.33973,
        11.87734,
        15.33973,
        13.37876,
        15.33973,
        13.52654,
        15.33973,
        13.64476,
        15.21858,
        13.64476,
        15.07375,
        13.64476,
        14.92006,
        13.52654,
        14.79887,
        13.37876,
        14.79887,
        11.87734,
        14.79887,
        11.73254,
        14.79887,
        11.61136,
        14.92006,
        11.61136,
        15.07375,
        11.61136,
        15.21858,
        11.73254,
        15.33973,
        11.87734,
        15.33973,
        11.87734,
        15.33973,
        11.87734,
        15.33973,
        11.87734,
        13.18222,
        11.87734,
        13.18222,
        13.37876,
        13.18222,
        13.52654,
        13.18222,
        13.64476,
        13.06695,
        13.64476,
        12.91325,
        13.64476,
        12.76547,
        13.52654,
        12.64133,
        13.37876,
        12.64133,
        11.87734,
        12.64133,
        11.73254,
        12.64133,
        11.61136,
        12.76547,
        11.61136,
        12.91325,
        11.61136,
        13.06695,
        11.73254,
        13.18222,
        11.87734,
        13.18222,
        11.87734,
        13.18222,
        11.87734,
        13.18222,
        11.87734,
        11.02468,
        11.87734,
        11.02468,
        13.37876,
        11.02468,
        13.52654,
        11.02468,
        13.64476,
        10.90349,
        13.64476,
        10.75571,
        13.64476,
        10.60793,
        13.52654,
        10.48382,
        13.37876,
        10.48382,
        11.87734,
        10.48382,
        11.73254,
        10.48382,
        11.61136,
        10.60793,
        11.61136,
        10.75571,
        11.61136,
        10.90349,
        11.73254,
        11.02468,
        11.87734,
        11.02468,
        11.87734,
        11.02468,
        11.87734,
        11.02468,
        11.87734,
        8.86122,
        11.87734,
        8.86122,
        13.37876,
        8.86122,
        13.52654,
        8.86122,
        13.64476,
        8.7371,
        13.64476,
        8.59524,
        13.64476,
        8.44746,
        13.52654,
        8.32332,
        13.37876,
        8.32332,
        11.87734,
        8.32332,
        11.73254,
        8.32332,
        11.61136,
        8.44746,
        11.61136,
        8.59524,
        11.61136,
        8.7371,
        11.73254,
        8.86122,
        11.87734,
        8.86122,
        11.87734,
        8.86122,
        11.87734,
        8.86122,
        7.8135,
        15.33973,
        7.8135,
        15.33973,
        9.30604,
        15.33973,
        9.45382,
        15.33973,
        9.57204,
        15.21858,
        9.57204,
        15.07375,
        9.57204,
        14.92006,
        9.45382,
        14.79887,
        9.30604,
        14.79887,
        7.8135,
        14.79887,
        7.65983,
        14.79887,
        7.53864,
        14.92006,
        7.53864,
        15.07375,
        7.53864,
        15.21858,
        7.65983,
        15.33973,
        7.8135,
        15.33973,
        7.8135,
        15.33973,
        7.8135,
        15.33973
      ],
      "segments": [
        1,
        2,
        4,
        4,
        2,
        4,
        4,
        2,
        2,
        1,
        2,
        2,
        4,
        4,
        2,
        4,
        4,
        2,
        2,
        1,
        2,
        2,
        4,
        4,
        2,
        4,
        4,
        2,
        2,
        1,
        2,
        2,
        4,
        4,
        2,
        4,
        4,
        2,
        2,
        1,
        2,
        2,
        4,
        4,
        2,
        4,
        4,
        2,
        2,
        1,
        2,
        2,
        4,
        2,
        2,
        4,
        2,
        4,
        2,
        4,
        2,
        4,
        2,
        2,
        1,
        2,
        2,
        2,
        2,
        2,
        2,
        2,
        1,
        2,
        2,
        2,
        2,
        2,
        2,
        2,
        1,
        2,
        2,
        4,
        4,
        2,
        4,
        4,
        2,
        2,
        1,
        2,
        2,
        4,
        4,
        2,
        4,
        4,
        2,
        2,
        1,
        2,
        2,
        4,
        4,
        2,
        4,
        4,
        2,
        2,
        1,
        2,
        2,
        4,
        4,
        2,
        4,
        4,
        2,
        2,
        1,
        2,
        2,
        4,
        4,
        2,
        4,
        4,
        2,
        2
      ]
    }
  ]
}