{
  "modified": "Tue May 07 2019 11:37:46 GMT+0900 (한국 표준시)",
  "dataBindings": [
    {
      "attr": "backgroundColor",
      "valueType": "Color",
      "defaultValue": "rgb(97,97,97)"
    }
  ],
  "width": 64,
  "height": 64,
  "comps": [
    {
      "type": "rect",
      "background": "",
      "borderWidth": 4,
      "borderColor": {
        "func": "attr@backgroundColor",
        "value": "rgb(69,210,220)"
      },
      "rect": [
        3,
        27.584,
        58,
        16.62857
      ]
    },
    {
      "type": "trapezoid",
      "background": "",
      "borderWidth": 4,
      "borderColor": {
        "func": "attr@backgroundColor",
        "value": "rgb(69,210,220)"
      },
      "rect": [
        3,
        19.69828,
        58,
        7.88571
      ]
    },
    {
      "type": "rect",
      "borderWidth": 2,
      "borderColor": {
        "func": "attr@backgroundColor",
        "value": "rgb(69,210,220)"
      },
      "rect": [
        50.18809,
        32,
        5.89078,
        3
      ]
    },
    {
      "type": "shape",
      "borderWidth": 2,
      "borderColor": {
        "func": "attr@backgroundColor",
        "value": "rgb(69,210,220)"
      },
      "points": [
        21.19452,
        28.34447,
        28,
        36.04542,
        21.19452,
        45
      ]
    },
    {
      "type": "shape",
      "borderWidth": 2,
      "borderColor": {
        "func": "attr@backgroundColor",
        "value": "rgb(69,210,220)"
      },
      "points": [
        8.72647,
        40.08576,
        18.56121,
        40.08576
      ]
    },
    {
      "type": "shape",
      "borderWidth": 2,
      "borderColor": {
        "func": "attr@backgroundColor",
        "value": "rgb(69,210,220)"
      },
      "points": [
        8.72647,
        35.89828,
        18.56121,
        35.89828
      ]
    }
  ]
}