{
  "modified": "Tue May 07 2019 11:40:53 GMT+0900 (한국 표준시)",
  "dataBindings": [
    {
      "attr": "backgroundColor",
      "valueType": "Color",
      "defaultValue": "rgb(99,99,99)"
    }
  ],
  "width": 64,
  "height": 64,
  "comps": [
    {
      "type": "arc",
      "borderWidth": 4,
      "borderColor": {
        "func": "attr@backgroundColor",
        "value": "rgb(69,210,220)"
      },
      "arcClose": false,
      "arcOval": true,
      "rotation": 3.14159,
      "rect": [
        6.78975,
        37.27791,
        50.4205,
        24.399
      ]
    },
    {
      "type": "oval",
      "borderWidth": 4,
      "borderColor": {
        "func": "attr@backgroundColor",
        "value": "rgb(69,210,220)"
      },
      "rect": [
        6.78975,
        2.32309,
        50.4205,
        24.399
      ]
    },
    {
      "type": "arc",
      "borderWidth": 4,
      "borderColor": {
        "func": "attr@backgroundColor",
        "value": "rgb(69,210,220)"
      },
      "arcClose": false,
      "arcOval": true,
      "rotation": 3.14159,
      "rect": [
        6.78975,
        20.45917,
        50.4205,
        24.399
      ]
    },
    {
      "type": "shape",
      "borderWidth": 4,
      "borderColor": {
        "func": "attr@backgroundColor",
        "value": "rgb(69,210,220)"
      },
      "borderCap": "round",
      "points": [
        6.78975,
        14.52259,
        6.78975,
        50.79474
      ]
    },
    {
      "type": "shape",
      "borderWidth": 4,
      "borderColor": {
        "func": "attr@backgroundColor",
        "value": "rgb(69,210,220)"
      },
      "borderCap": "round",
      "points": [
        57.21025,
        14.52259,
        57.21025,
        50.79474
      ]
    }
  ]
}