{
  "modified": "Tue May 07 2019 11:41:08 GMT+0900 (한국 표준시)",
  "dataBindings": [
    {
      "attr": "backgroundColor",
      "valueType": "Color",
      "defaultValue": "rgb(99,99,99)"
    }
  ],
  "width": 64,
  "height": 64,
  "comps": [
    {
      "type": "shape",
      "background": {
        "func": "attr@backgroundColor",
        "value": "rgb(69,210,220)"
      },
      "points": [
        43.95453,
        46.24647,
        43.95453,
        21.91666,
        5.50698,
        21.91666,
        5.50698,
        46.24647,
        18.31788,
        46.24647,
        31.13868,
        46.24647,
        43.95453,
        46.24647,
        43.95453,
        46.24647,
        43.95453,
        46.24647,
        48.55814,
        37.64316,
        48.55814,
        37.64316,
        48.49377,
        37.64316,
        48.49377,
        48.50868,
        48.49377,
        49.76597,
        47.47403,
        50.77084,
        46.2217,
        50.77084,
        46.16228,
        50.77084,
        40.06374,
        50.77084,
        40.06374,
        52.63703,
        58.48806,
        52.63703,
        58.48806,
        11.34815,
        40.06374,
        11.34815,
        40.06374,
        17.37738,
        46.2217,
        17.37738,
        47.47403,
        17.37738,
        48.49377,
        18.39711,
        48.49377,
        19.6495,
        48.49377,
        19.70395,
        48.49377,
        20.4019,
        48.55814,
        20.4019,
        55.66155,
        20.4019,
        56.41891,
        20.4019,
        57.02285,
        21.00584,
        57.02285,
        21.75824,
        57.02285,
        22.5156,
        56.41891,
        23.12445,
        55.66155,
        23.12445,
        48.55814,
        23.12445,
        48.49377,
        23.12445,
        48.49377,
        27.66373,
        48.55814,
        27.66373,
        55.66155,
        27.66373,
        56.41891,
        27.66373,
        57.02285,
        28.27754,
        57.02285,
        29.01512,
        57.02285,
        29.77248,
        56.41891,
        30.38133,
        55.66155,
        30.38133,
        48.55814,
        30.38133,
        48.49377,
        30.38133,
        48.49377,
        34.92061,
        48.55814,
        34.92061,
        55.66155,
        34.92061,
        56.41891,
        34.92061,
        57.02285,
        35.5245,
        57.02285,
        36.27691,
        57.02285,
        37.03922,
        56.41891,
        37.6382,
        55.66155,
        37.6382,
        48.55814,
        37.6382,
        48.55814,
        37.64316,
        48.55814,
        37.64316,
        17.28333,
        57.17136,
        17.28333,
        57.17136,
        16.53087,
        57.17136,
        15.93194,
        56.56747,
        15.93194,
        55.81501,
        15.93194,
        55.06261,
        16.53087,
        54.45376,
        17.28333,
        54.45376,
        22.46114,
        54.45376,
        22.46114,
        50.7758,
        3.23486,
        50.7758,
        1.97752,
        50.7758,
        0.9677,
        49.76597,
        0.9677,
        48.51359,
        0.9677,
        48.45422,
        0.9677,
        19.65941,
        0.9677,
        18.40207,
        1.98248,
        17.38729,
        3.23486,
        17.38729,
        3.28932,
        17.38729,
        35.54428,
        17.38729,
        35.54428,
        9.08594,
        35.54428,
        7.84347,
        36.5541,
        6.82374,
        37.80153,
        6.82374,
        37.86094,
        6.82374,
        60.775,
        6.82374,
        62.01747,
        6.82374,
        63.03225,
        7.84347,
        63.03225,
        9.08594,
        63.03225,
        9.15031,
        63.03225,
        54.90915,
        63.03225,
        56.15658,
        62.01747,
        57.17631,
        60.775,
        57.17631,
        60.70572,
        57.17631,
        37.80648,
        57.17631,
        36.55906,
        57.17631,
        35.54923,
        56.15658,
        35.54923,
        54.90915,
        35.54923,
        54.85469,
        35.54923,
        50.78075,
        27.01029,
        50.78075,
        27.01029,
        54.45872,
        32.17819,
        54.45872,
        32.93064,
        54.45872,
        33.53453,
        55.07252,
        33.53453,
        55.81997,
        33.53453,
        56.57237,
        32.93064,
        57.17631,
        32.17819,
        57.17631,
        27.19839,
        57.17136,
        22.25817,
        57.17136,
        17.28333,
        57.17136,
        17.28333,
        57.17136,
        17.28333,
        57.17136
      ],
      "segments": [
        1,
        2,
        2,
        2,
        4,
        2,
        2,
        1,
        2,
        2,
        2,
        4,
        2,
        2,
        2,
        2,
        2,
        2,
        2,
        2,
        4,
        2,
        2,
        2,
        2,
        4,
        4,
        2,
        2,
        2,
        2,
        2,
        4,
        4,
        2,
        2,
        2,
        2,
        2,
        4,
        4,
        2,
        2,
        2,
        1,
        2,
        4,
        4,
        2,
        2,
        2,
        4,
        2,
        2,
        4,
        2,
        2,
        2,
        4,
        2,
        2,
        4,
        2,
        2,
        4,
        2,
        2,
        4,
        2,
        2,
        2,
        2,
        2,
        4,
        4,
        4,
        2,
        2
      ]
    }
  ]
}