{
  "modified": "Tue May 07 2019 11:40:31 GMT+0900 (한국 표준시)",
  "dataBindings": [
    {
      "attr": "backgroundColor",
      "valueType": "Color",
      "defaultValue": "rgb(69,69,69)"
    }
  ],
  "width": 64,
  "height": 64,
  "comps": [
    {
      "type": "roundRect",
      "borderWidth": 4,
      "borderColor": {
        "func": "attr@backgroundColor",
        "value": "rgb(69,210,220)"
      },
      "cornerRadius": 3,
      "rect": [
        13.76823,
        2,
        36.46355,
        60
      ]
    },
    {
      "type": "shape",
      "borderWidth": 4,
      "borderColor": {
        "func": "attr@backgroundColor",
        "value": "rgb(69,210,220)"
      },
      "borderCap": "round",
      "points": [
        25.41802,
        57.3784,
        38.20414,
        57.3784
      ]
    },
    {
      "type": "shape",
      "borderWidth": 4,
      "borderColor": {
        "func": "attr@backgroundColor",
        "value": "rgb(69,210,220)"
      },
      "borderCap": "round",
      "points": [
        26.45035,
        2.92442,
        27.44073,
        4.50703,
        36.37851,
        4.50703,
        37.54965,
        2.92442
      ]
    }
  ]
}