{
  "modified": "Tue May 07 2019 11:42:41 GMT+0900 (한국 표준시)",
  "dataBindings": [
    {
      "attr": "backgroundColor",
      "valueType": "Color",
      "defaultValue": "rgb(105,105,105)"
    }
  ],
  "width": 64,
  "height": 64,
  "comps": [
    {
      "type": "arc",
      "borderWidth": 4,
      "borderColor": {
        "func": "attr@backgroundColor",
        "value": "rgb(69,210,220)"
      },
      "borderCap": "round",
      "arcClose": false,
      "arcOval": true,
      "rotation": 3.14159,
      "rect": [
        3.00005,
        29.62622,
        58.02099,
        28.5741
      ]
    },
    {
      "type": "shape",
      "borderWidth": 4,
      "borderColor": {
        "func": "attr@backgroundColor",
        "value": "rgb(69,210,220)"
      },
      "borderCap": "round",
      "points": [
        2.99998,
        28.94624,
        2.99998,
        44.12899
      ]
    },
    {
      "type": "shape",
      "borderWidth": 4,
      "borderColor": {
        "func": "attr@backgroundColor",
        "value": "rgb(69,210,220)"
      },
      "borderCap": "round",
      "points": [
        61.00002,
        28.39483,
        61.00002,
        43.57758
      ]
    },
    {
      "type": "oval",
      "borderWidth": 4,
      "borderColor": {
        "func": "attr@backgroundColor",
        "value": "rgb(69,210,220)"
      },
      "rect": [
        3.00002,
        15.12899,
        58,
        29
      ]
    },
    {
      "type": "shape",
      "background": {
        "func": "attr@backgroundColor",
        "value": "rgb(69,210,220)"
      },
      "points": [
        46.68662,
        31.07969,
        46.68662,
        31.07969,
        39.40842,
        31.07969,
        39.08101,
        31.07969,
        38.80882,
        30.94754,
        38.80882,
        30.78582,
        38.80487,
        28.53331,
        38.80487,
        28.50373,
        38.80487,
        28.34001,
        39.07706,
        28.20196,
        39.40451,
        28.20196,
        46.68662,
        28.20196,
        46.68662,
        26.35577,
        46.68662,
        26.28082,
        46.74582,
        26.20389,
        46.85627,
        26.14669,
        47.09687,
        26.02835,
        47.47166,
        26.02835,
        47.71227,
        26.14669,
        54.27648,
        29.42485,
        54.28043,
        29.43075,
        54.28043,
        29.43075,
        54.51708,
        29.54713,
        54.51313,
        29.74043,
        54.28043,
        29.85482,
        47.73596,
        33.12508,
        47.62551,
        33.19018,
        47.46377,
        33.22963,
        47.28231,
        33.22963,
        46.95882,
        33.22963,
        46.68267,
        33.0955,
        46.68267,
        32.92785,
        46.68267,
        31.07969,
        46.68662,
        31.07969,
        46.68662,
        31.07969
      ],
      "segments": [
        1,
        2,
        2,
        4,
        2,
        2,
        4,
        2,
        2,
        4,
        4,
        2,
        2,
        2,
        4,
        2,
        4,
        4,
        2,
        2,
        2
      ]
    },
    {
      "type": "shape",
      "background": {
        "func": "attr@backgroundColor",
        "value": "rgb(69,210,220)"
      },
      "rotation": 3.14159,
      "points": [
        17.36471,
        31.07969,
        17.36471,
        31.07969,
        10.08651,
        31.07969,
        9.7591,
        31.07969,
        9.48691,
        30.94754,
        9.48691,
        30.78582,
        9.48296,
        28.53331,
        9.48296,
        28.50373,
        9.48296,
        28.34001,
        9.75515,
        28.20196,
        10.0826,
        28.20196,
        17.36471,
        28.20196,
        17.36471,
        26.35577,
        17.36471,
        26.28082,
        17.42391,
        26.20389,
        17.53436,
        26.14669,
        17.77496,
        26.02835,
        18.14975,
        26.02835,
        18.39036,
        26.14669,
        24.95457,
        29.42485,
        24.95852,
        29.43075,
        24.95852,
        29.43075,
        25.19517,
        29.54713,
        25.19122,
        29.74043,
        24.95852,
        29.85482,
        18.41405,
        33.12508,
        18.3036,
        33.19018,
        18.14186,
        33.22963,
        17.9604,
        33.22963,
        17.63691,
        33.22963,
        17.36076,
        33.0955,
        17.36076,
        32.92785,
        17.36076,
        31.07969,
        17.36471,
        31.07969,
        17.36471,
        31.07969
      ],
      "segments": [
        1,
        2,
        2,
        4,
        2,
        2,
        4,
        2,
        2,
        4,
        4,
        2,
        2,
        2,
        4,
        2,
        4,
        4,
        2,
        2,
        2
      ]
    },
    {
      "type": "shape",
      "background": {
        "func": "attr@backgroundColor",
        "value": "rgb(69,210,220)"
      },
      "rotation": 1.5708,
      "points": [
        32.01284,
        39.86088,
        32.01284,
        39.86088,
        28.37374,
        39.86088,
        28.21004,
        39.86088,
        28.07394,
        39.59658,
        28.07394,
        39.27312,
        28.07196,
        34.76811,
        28.07196,
        34.70895,
        28.07196,
        34.38151,
        28.20806,
        34.1054,
        28.37178,
        34.1054,
        32.01284,
        34.1054,
        32.01284,
        30.41303,
        32.01284,
        30.26313,
        32.04244,
        30.10928,
        32.09766,
        29.99488,
        32.21797,
        29.75818,
        32.40536,
        29.75818,
        32.52566,
        29.99488,
        35.80777,
        36.55119,
        35.80974,
        36.563,
        35.80974,
        36.563,
        35.92807,
        36.79574,
        35.9261,
        37.18234,
        35.80974,
        37.41114,
        32.53751,
        43.95165,
        32.48229,
        44.08185,
        32.40141,
        44.16075,
        32.31069,
        44.16075,
        32.14894,
        44.16075,
        32.01087,
        43.8925,
        32.01087,
        43.5572,
        32.01087,
        39.86088,
        32.01284,
        39.86088,
        32.01284,
        39.86088
      ],
      "segments": [
        1,
        2,
        2,
        4,
        2,
        2,
        4,
        2,
        2,
        4,
        4,
        2,
        2,
        2,
        4,
        2,
        4,
        4,
        2,
        2,
        2
      ]
    },
    {
      "type": "shape",
      "background": {
        "func": "attr@backgroundColor",
        "value": "rgb(69,210,220)"
      },
      "rotation": -1.5708,
      "points": [
        32.01284,
        25.19992,
        32.01284,
        25.19992,
        28.37374,
        25.19992,
        28.21004,
        25.19992,
        28.07394,
        24.93562,
        28.07394,
        24.61216,
        28.07196,
        20.10714,
        28.07196,
        20.04799,
        28.07196,
        19.72055,
        28.20806,
        19.44444,
        28.37178,
        19.44444,
        32.01284,
        19.44444,
        32.01284,
        15.75207,
        32.01284,
        15.60217,
        32.04244,
        15.44832,
        32.09766,
        15.33392,
        32.21797,
        15.09722,
        32.40536,
        15.09722,
        32.52566,
        15.33392,
        35.80777,
        21.89023,
        35.80974,
        21.90204,
        35.80974,
        21.90204,
        35.92807,
        22.13478,
        35.9261,
        22.52138,
        35.80974,
        22.75018,
        32.53751,
        29.29069,
        32.48229,
        29.42089,
        32.40141,
        29.49979,
        32.31069,
        29.49979,
        32.14894,
        29.49979,
        32.01087,
        29.23154,
        32.01087,
        28.89624,
        32.01087,
        25.19992,
        32.01284,
        25.19992,
        32.01284,
        25.19992
      ],
      "segments": [
        1,
        2,
        2,
        4,
        2,
        2,
        4,
        2,
        2,
        4,
        4,
        2,
        2,
        2,
        4,
        2,
        4,
        4,
        2,
        2,
        2
      ]
    }
  ]
}