{
  "modified": "Tue May 07 2019 11:39:24 GMT+0900 (한국 표준시)",
  "dataBindings": [
    {
      "attr": "backgroundColor",
      "valueType": "Color",
      "defaultValue": "rgb(145,145,145)"
    }
  ],
  "width": 64,
  "height": 64,
  "comps": [
    {
      "type": "circle",
      "borderWidth": 3,
      "borderColor": {
        "func": "attr@backgroundColor",
        "value": "rgb(69,210,220)"
      },
      "rect": [
        3,
        3,
        58,
        58
      ]
    },
    {
      "type": "shape",
      "background": {
        "func": "attr@backgroundColor",
        "value": "rgb(69,210,220)"
      },
      "points": [
        46.6866,
        34.90141,
        46.6866,
        34.90141,
        39.4084,
        34.90141,
        39.08099,
        34.90141,
        38.8088,
        34.63711,
        38.8088,
        34.31366,
        38.80485,
        29.80864,
        38.80485,
        29.74949,
        38.80485,
        29.42204,
        39.07704,
        29.14594,
        39.40449,
        29.14594,
        46.6866,
        29.14594,
        46.6866,
        25.45356,
        46.6866,
        25.30366,
        46.7458,
        25.14981,
        46.85625,
        25.03541,
        47.09685,
        24.79872,
        47.47164,
        24.79872,
        47.71225,
        25.03541,
        54.27646,
        31.59172,
        54.28041,
        31.60353,
        54.28041,
        31.60353,
        54.51706,
        31.83628,
        54.51311,
        32.22288,
        54.28041,
        32.45167,
        47.73594,
        38.99219,
        47.62549,
        39.12238,
        47.46375,
        39.20128,
        47.28229,
        39.20128,
        46.9588,
        39.20128,
        46.68265,
        38.93303,
        46.68265,
        38.59773,
        46.68265,
        34.90141,
        46.6866,
        34.90141,
        46.6866,
        34.90141
      ],
      "segments": [
        1,
        2,
        2,
        4,
        2,
        2,
        4,
        2,
        2,
        4,
        4,
        2,
        2,
        2,
        4,
        2,
        4,
        4,
        2,
        2,
        2
      ]
    },
    {
      "type": "shape",
      "background": {
        "func": "attr@backgroundColor",
        "value": "rgb(69,210,220)"
      },
      "rotation": 3.14159,
      "points": [
        17.36469,
        34.90141,
        17.36469,
        34.90141,
        10.08649,
        34.90141,
        9.75908,
        34.90141,
        9.48689,
        34.63711,
        9.48689,
        34.31366,
        9.48294,
        29.80864,
        9.48294,
        29.74949,
        9.48294,
        29.42204,
        9.75513,
        29.14594,
        10.08258,
        29.14594,
        17.36469,
        29.14594,
        17.36469,
        25.45356,
        17.36469,
        25.30366,
        17.42389,
        25.14981,
        17.53434,
        25.03541,
        17.77494,
        24.79872,
        18.14973,
        24.79872,
        18.39034,
        25.03541,
        24.95455,
        31.59172,
        24.9585,
        31.60353,
        24.9585,
        31.60353,
        25.19515,
        31.83628,
        25.1912,
        32.22288,
        24.9585,
        32.45167,
        18.41403,
        38.99219,
        18.30358,
        39.12238,
        18.14184,
        39.20128,
        17.96038,
        39.20128,
        17.63689,
        39.20128,
        17.36074,
        38.93303,
        17.36074,
        38.59773,
        17.36074,
        34.90141,
        17.36469,
        34.90141,
        17.36469,
        34.90141
      ],
      "segments": [
        1,
        2,
        2,
        4,
        2,
        2,
        4,
        2,
        2,
        4,
        4,
        2,
        2,
        2,
        4,
        2,
        4,
        4,
        2,
        2,
        2
      ]
    },
    {
      "type": "shape",
      "background": {
        "func": "attr@backgroundColor",
        "value": "rgb(69,210,220)"
      },
      "rotation": 1.5708,
      "points": [
        32.02565,
        49.56237,
        32.02565,
        49.56237,
        24.74744,
        49.56237,
        24.42004,
        49.56237,
        24.14784,
        49.29807,
        24.14784,
        48.97461,
        24.14389,
        44.4696,
        24.14389,
        44.41044,
        24.14389,
        44.083,
        24.41609,
        43.80689,
        24.74353,
        43.80689,
        32.02565,
        43.80689,
        32.02565,
        40.11452,
        32.02565,
        39.96462,
        32.08484,
        39.81077,
        32.19529,
        39.69637,
        32.4359,
        39.45967,
        32.81069,
        39.45967,
        33.05129,
        39.69637,
        39.6155,
        46.25268,
        39.61945,
        46.26449,
        39.61945,
        46.26449,
        39.85611,
        46.49723,
        39.85216,
        46.88383,
        39.61945,
        47.11263,
        33.07499,
        53.65314,
        32.96454,
        53.78334,
        32.80279,
        53.86224,
        32.62134,
        53.86224,
        32.29785,
        53.86224,
        32.0217,
        53.59399,
        32.0217,
        53.25869,
        32.0217,
        49.56237,
        32.02565,
        49.56237,
        32.02565,
        49.56237
      ],
      "segments": [
        1,
        2,
        2,
        4,
        2,
        2,
        4,
        2,
        2,
        4,
        4,
        2,
        2,
        2,
        4,
        2,
        4,
        4,
        2,
        2,
        2
      ]
    },
    {
      "type": "shape",
      "background": {
        "func": "attr@backgroundColor",
        "value": "rgb(69,210,220)"
      },
      "rotation": -1.5708,
      "points": [
        32.02565,
        20.24046,
        32.02565,
        20.24046,
        24.74744,
        20.24046,
        24.42004,
        20.24046,
        24.14784,
        19.97616,
        24.14784,
        19.6527,
        24.14389,
        15.14768,
        24.14389,
        15.08853,
        24.14389,
        14.76109,
        24.41609,
        14.48498,
        24.74353,
        14.48498,
        32.02565,
        14.48498,
        32.02565,
        10.79261,
        32.02565,
        10.64271,
        32.08484,
        10.48886,
        32.19529,
        10.37446,
        32.4359,
        10.13776,
        32.81069,
        10.13776,
        33.05129,
        10.37446,
        39.6155,
        16.93077,
        39.61945,
        16.94258,
        39.61945,
        16.94258,
        39.85611,
        17.17532,
        39.85216,
        17.56192,
        39.61945,
        17.79072,
        33.07499,
        24.33123,
        32.96454,
        24.46143,
        32.80279,
        24.54033,
        32.62134,
        24.54033,
        32.29785,
        24.54033,
        32.0217,
        24.27208,
        32.0217,
        23.93678,
        32.0217,
        20.24046,
        32.02565,
        20.24046,
        32.02565,
        20.24046
      ],
      "segments": [
        1,
        2,
        2,
        4,
        2,
        2,
        4,
        2,
        2,
        4,
        4,
        2,
        2,
        2,
        4,
        2,
        4,
        4,
        2,
        2,
        2
      ]
    }
  ]
}