{
  "modified": "Tue May 07 2019 11:39:46 GMT+0900 (한국 표준시)",
  "dataBindings": [
    {
      "attr": "backgroundColor",
      "valueType": "Color",
      "defaultValue": "rgb(97,97,97)"
    }
  ],
  "width": 64,
  "height": 64,
  "comps": [
    {
      "type": "shape",
      "background": {
        "func": "attr@backgroundColor",
        "value": "rgb(69,210,220)"
      },
      "points": [
        19.05185,
        39.95179,
        21.20515,
        39.95179,
        23.47858,
        39.95179,
        26.13464,
        36.90731,
        28.86729,
        33.28773,
        28.86729,
        33.28773,
        30.41935,
        35.39636,
        30.93306,
        36.10669,
        27.85071,
        40.08713,
        24.70283,
        43.391,
        21.1942,
        43.391,
        19.04091,
        43.391,
        44.9785,
        23.816,
        42.81426,
        23.816,
        40.54072,
        23.816,
        37.8956,
        26.86048,
        35.15212,
        30.46878,
        35.15212,
        30.46878,
        33.611,
        28.37143,
        33.07541,
        27.66111,
        36.17964,
        23.68066,
        39.32752,
        20.3655,
        42.82521,
        20.3655,
        44.98933,
        20.3655,
        44.9785,
        39.97437,
        42.81426,
        39.97437,
        40.02701,
        39.97437,
        36.69334,
        35.41894,
        33.34862,
        30.87468,
        29.4903,
        25.64267,
        25.65376,
        20.39937,
        21.22703,
        20.39937,
        19.07373,
        20.39937,
        19.07373,
        23.84975,
        21.22703,
        23.84975,
        24.01417,
        23.84975,
        27.35889,
        28.4053,
        30.7035,
        32.94944,
        34.55099,
        38.18145,
        38.39847,
        43.40229,
        42.81426,
        43.40229,
        44.9785,
        43.40229
      ],
      "segments": [
        1,
        2,
        4,
        4,
        4,
        2,
        1,
        2,
        4,
        4,
        4,
        2,
        1,
        2,
        4,
        4,
        2,
        2,
        2,
        4,
        4,
        2
      ]
    },
    {
      "type": "shape",
      "background": {
        "func": "attr@backgroundColor",
        "value": "rgb(69,210,220)"
      },
      "points": [
        48.0046,
        15.6761,
        48.0046,
        15.52356,
        48.07361,
        15.367,
        48.20237,
        15.25059,
        48.48286,
        15.00972,
        48.91977,
        15.00972,
        49.20026,
        15.25059,
        56.85258,
        21.92239,
        56.85718,
        21.9344,
        56.85718,
        21.9344,
        57.13307,
        22.17125,
        57.12846,
        22.56466,
        56.85718,
        22.79749,
        49.22789,
        29.45322,
        49.09913,
        29.58571,
        48.91057,
        29.666,
        48.69904,
        29.666,
        48.32192,
        29.666,
        48,
        29.39302,
        48,
        29.05181
      ],
      "segments": [
        1,
        4,
        4,
        2,
        2,
        2,
        4,
        2,
        4,
        4
      ]
    },
    {
      "type": "shape",
      "background": {
        "func": "attr@backgroundColor",
        "value": "rgb(69,210,220)"
      },
      "points": [
        48.0046,
        35.0101,
        48.0046,
        34.85756,
        48.07361,
        34.701,
        48.20237,
        34.58459,
        48.48286,
        34.34372,
        48.91977,
        34.34372,
        49.20026,
        34.58459,
        56.85258,
        41.25639,
        56.85718,
        41.26841,
        56.85718,
        41.26841,
        57.13307,
        41.50526,
        57.12846,
        41.89866,
        56.85718,
        42.13149,
        49.22789,
        48.78722,
        49.09913,
        48.91971,
        48.91057,
        49,
        48.69904,
        49,
        48.32192,
        49,
        48,
        48.72703,
        48,
        48.38582
      ],
      "segments": [
        1,
        4,
        4,
        2,
        2,
        2,
        4,
        2,
        4,
        4
      ]
    },
    {
      "type": "shape",
      "background": {
        "func": "attr@backgroundColor",
        "value": "rgb(69,210,220)"
      },
      "rotation": 3.14159,
      "points": [
        7.0046,
        35.0101,
        7.0046,
        34.85756,
        7.07361,
        34.701,
        7.20237,
        34.58459,
        7.48286,
        34.34372,
        7.91977,
        34.34372,
        8.20026,
        34.58459,
        15.85258,
        41.25639,
        15.85718,
        41.26841,
        15.85718,
        41.26841,
        16.13307,
        41.50526,
        16.12846,
        41.89866,
        15.85718,
        42.13149,
        8.22789,
        48.78722,
        8.09913,
        48.91971,
        7.91057,
        49,
        7.69904,
        49,
        7.32192,
        49,
        7,
        48.72703,
        7,
        48.38582
      ],
      "segments": [
        1,
        4,
        4,
        2,
        2,
        2,
        4,
        2,
        4,
        4
      ]
    },
    {
      "type": "shape",
      "background": {
        "func": "attr@backgroundColor",
        "value": "rgb(69,210,220)"
      },
      "rotation": 3.14159,
      "points": [
        7.0046,
        15.6761,
        7.0046,
        15.52356,
        7.07361,
        15.367,
        7.20237,
        15.25059,
        7.48286,
        15.00972,
        7.91977,
        15.00972,
        8.20026,
        15.25059,
        15.85258,
        21.92239,
        15.85718,
        21.9344,
        15.85718,
        21.9344,
        16.13307,
        22.17125,
        16.12846,
        22.56466,
        15.85718,
        22.79749,
        8.22789,
        29.45322,
        8.09913,
        29.58571,
        7.91057,
        29.666,
        7.69904,
        29.666,
        7.32192,
        29.666,
        7,
        29.39302,
        7,
        29.05181
      ],
      "segments": [
        1,
        4,
        4,
        2,
        2,
        2,
        4,
        2,
        4,
        4
      ]
    }
  ]
}