{
  "background": "rgb(0,0,0)",
  "width": 70,
  "height": 24,
  "comps": [
    {
      "type": "rect",
      "borderWidth": 1,
      "borderColor": "rgba(255,255,255,0.60)",
      "borderJoin": "bevel",
      "shadowColor": "#1ABC9C",
      "rect": [
        0.5,
        0.5,
        69,
        23
      ]
    },
    {
      "type": "rect",
      "background": "rgba(0,8,28,0.80)",
      "borderColor": "rgba(255,255,255,0.60)",
      "borderJoin": "bevel",
      "shadowColor": "#1ABC9C",
      "rect": [
        2,
        2,
        66,
        20
      ]
    },
    {
      "type": "rightTriangle",
      "background": "rgb(255,255,255)",
      "borderColor": "rgb(0,0,0)",
      "rotation": 1.5708,
      "rect": [
        0,
        0,
        5,
        5
      ]
    }
  ]
}