{
  "width": 50,
  "height": 70,
  "comps": [
    {
      "type": "shape",
      "background": "rgb(0,0,0)",
      "borderWidth": 1,
      "borderColor": "rgb(26,127,201)",
      "closePath": true,
      "points": [
        5.72627,
        2.08276,
        5.72627,
        68.11635,
        44.27373,
        68.11635,
        44.27373,
        2.08276
      ]
    },
    {
      "type": "rect",
      "background": "rgb(26,127,201)",
      "gradientColor": "rgb(247,206,139)",
      "rect": [
        18.07722,
        27.83759,
        1.40354,
        31.51807
      ]
    },
    {
      "type": "rect",
      "background": "rgb(26,127,201)",
      "gradientColor": "rgb(247,206,139)",
      "rect": [
        36.07983,
        22.25048,
        0.8529,
        45.76631
      ]
    },
    {
      "type": "rect",
      "background": "rgb(26,127,201)",
      "gradientColor": "rgb(247,206,139)",
      "rotation": 1.5708,
      "rect": [
        24.68834,
        2.97675,
        0.62333,
        38.54746
      ]
    },
    {
      "type": "rect",
      "background": "rgb(26,127,201)",
      "gradientColor": "rgb(247,206,139)",
      "rect": [
        18.07722,
        60.82924,
        9.45098,
        2.50504
      ]
    },
    {
      "type": "rect",
      "background": "rgb(26,127,201)",
      "gradientColor": "rgb(247,206,139)",
      "rect": [
        28.66487,
        60.82924,
        3.95968,
        2.50504
      ]
    },
    {
      "type": "rect",
      "background": "rgb(26,127,201)",
      "gradientColor": "rgb(247,206,139)",
      "rotation": 1.5708,
      "rect": [
        19.61163,
        0.66288,
        10.77669,
        29.89901
      ]
    },
    {
      "type": "text",
      "text": "UPS",
      "align": "center",
      "color": "rgb(247,247,247)",
      "scaleX": 0.6,
      "scaleY": 0.6,
      "rect": [
        11.53354,
        6.63172,
        26.93293,
        17.96133
      ]
    },
    {
      "type": "rect",
      "background": "rgb(26,127,201)",
      "gradientColor": "rgb(247,206,139)",
      "rotation": 1.5708,
      "rect": [
        24.68834,
        -10.1487,
        0.62333,
        38.54746
      ]
    },
    {
      "type": "rect",
      "background": "rgb(26,127,201)",
      "gradientColor": "rgb(247,206,139)",
      "rect": [
        12.84531,
        22.25048,
        0.8529,
        45.76631
      ]
    },
    {
      "type": "rect",
      "background": "rgb(26,127,201)",
      "gradientColor": "rgb(247,206,139)",
      "rect": [
        20.26785,
        27.83759,
        1.40354,
        31.51807
      ]
    },
    {
      "type": "rect",
      "background": "rgb(26,127,201)",
      "gradientColor": "rgb(247,206,139)",
      "rect": [
        22.45848,
        27.83759,
        1.40354,
        31.51807
      ]
    },
    {
      "type": "rect",
      "background": "rgb(26,127,201)",
      "gradientColor": "rgb(247,206,139)",
      "rect": [
        24.64911,
        27.83759,
        1.40354,
        31.51807
      ]
    },
    {
      "type": "rect",
      "background": "rgb(26,127,201)",
      "gradientColor": "rgb(247,206,139)",
      "rect": [
        26.83975,
        27.83759,
        1.40354,
        31.51807
      ]
    },
    {
      "type": "rect",
      "background": "rgb(26,127,201)",
      "gradientColor": "rgb(247,206,139)",
      "rect": [
        29.03038,
        27.83759,
        1.40354,
        31.51807
      ]
    },
    {
      "type": "rect",
      "background": "rgb(26,127,201)",
      "gradientColor": "rgb(247,206,139)",
      "rect": [
        31.22101,
        27.83759,
        1.40354,
        31.51807
      ]
    }
  ]
}