{
  "background": "rgb(255,255,255)",
  "width": 200,
  "height": 120,
  "comps": [
    {
      "type": "shape",
      "background": "rgba(0,8,28,0.80)",
      "borderColor": "#979797",
      "points": [
        2.32551,
        4.18805,
        14.33207,
        4.18805,
        181.12101,
        4.18805,
        198.68082,
        26.5057,
        198.68082,
        117.34052,
        10.9752,
        117.34052,
        2.32551,
        108.02646,
        2.32551,
        82.16171,
        5.54047,
        78.95165,
        5.54047,
        68.18552,
        2.32551,
        66.04488
      ]
    },
    {
      "type": "shape",
      "background": "rgba(0,32,158,0.6)",
      "borderColor": "#979797",
      "shadowColor": "#1ABC9C",
      "points": [
        2.56387,
        4.18818,
        2.56387,
        26.72737,
        189.10767,
        26.72737,
        189.10767,
        22.68052,
        174.08489,
        4.18818
      ]
    },
    {
      "type": "shape",
      "borderWidth": 1,
      "borderColor": "rgb(14,57,176)",
      "borderCap": "square",
      "shadowColor": "#1ABC9C",
      "rotation": -1.5708,
      "points": [
        110.75756,
        92.34432,
        198.9612,
        92.34464,
        215.29545,
        79.84612,
        215.29567,
        20.12893
      ]
    },
    {
      "type": "shape",
      "background": "rgb(14,57,176)",
      "borderColor": "rgb(14,57,176)",
      "fillRule": "evenodd",
      "shadowColor": "#1ABC9C",
      "rotation": -1.5708,
      "points": [
        213.15751,
        96.70016,
        210.76753,
        102.15399,
        180.08375,
        102.15399,
        180.08375,
        96.12921
      ]
    },
    {
      "type": "shape",
      "background": "rgb(255,185,71)",
      "fillRule": "evenodd",
      "shadowColor": "#1ABC9C",
      "rotation": -1.5708,
      "points": [
        171.46013,
        94.23249,
        173.47191,
        91.46015,
        173.47191,
        100.19622,
        185.50533,
        110.7522,
        207.16261,
        110.75228,
        206.17621,
        112.83728,
        177.79148,
        112.83728,
        171.46013,
        107.39799
      ]
    },
    {
      "type": "shape",
      "borderWidth": 1,
      "borderColor": "rgb(14,57,176)",
      "borderCap": "square",
      "shadowColor": "#1ABC9C",
      "scaleX": -1,
      "rotation": -1.5708,
      "points": [
        -10.03989,
        104.8537,
        -10.04014,
        39.00694,
        29.56054,
        39.00664,
        31.74266,
        42.09492,
        42.42302,
        42.09492,
        45.05501,
        39.00664,
        67.49316,
        39.00664,
        80.7804,
        51.18985,
        80.78045,
        65.00269
      ]
    },
    {
      "type": "shape",
      "background": "rgb(0,16,61)",
      "borderWidth": 1,
      "borderColor": "rgb(14,57,176)",
      "borderCap": "square",
      "shadowColor": "#1ABC9C",
      "rotation": -1.5708,
      "closePath": true,
      "points": [
        -3.75124,
        72.20794,
        -1.84264,
        75.0798,
        5.50445,
        75.0798,
        7.88507,
        72.20794,
        -3.75124,
        72.20794
      ]
    },
    {
      "type": "shape",
      "background": "rgb(255,185,71)",
      "borderWidth": 2,
      "borderColor": "rgb(0,0,0)",
      "borderCap": "square",
      "borderJoin": "bevel",
      "shadowColor": "#1ABC9C",
      "rotation": -1.5708,
      "closePath": true,
      "points": [
        189.10263,
        109.18207,
        189.10263,
        118.21067,
        199.48388,
        118.21067
      ]
    },
    {
      "type": "shape",
      "background": "rgba(255,185,71,0.9)",
      "fillRule": "evenodd",
      "shadowColor": "#1ABC9C",
      "rotation": -1.5708,
      "points": [
        194.30651,
        72.71706,
        201.03823,
        72.71706,
        198.79432,
        77.23135,
        192.0626,
        77.23135,
        194.30651,
        72.71706,
        194.30651,
        72.71706
      ]
    },
    {
      "type": "shape",
      "background": "rgba(255,185,71,0.7)",
      "fillRule": "evenodd",
      "shadowColor": "#1ABC9C",
      "rotation": -1.5708,
      "points": [
        194.30651,
        62.1954,
        201.03823,
        62.1954,
        198.79432,
        66.70969,
        192.0626,
        66.70969,
        194.30651,
        62.1954,
        194.30651,
        62.1954
      ]
    },
    {
      "type": "shape",
      "background": "rgba(255,185,71,0.5)",
      "fillRule": "evenodd",
      "shadowColor": "#1ABC9C",
      "rotation": -1.5708,
      "points": [
        194.30651,
        51.67374,
        201.03823,
        51.67374,
        198.79432,
        56.18802,
        192.0626,
        56.18802,
        194.30651,
        51.67374,
        194.30651,
        51.67374
      ]
    },
    {
      "type": "shape",
      "background": "rgba(255,185,71,0.3)",
      "fillRule": "evenodd",
      "shadowColor": "#1ABC9C",
      "rotation": -1.5708,
      "points": [
        194.30651,
        41.15207,
        201.03823,
        41.15207,
        198.79432,
        45.66636,
        192.0626,
        45.66636,
        194.30651,
        41.15207,
        194.30651,
        41.15207
      ]
    },
    {
      "type": "shape",
      "background": "rgba(255,185,71,0.1)",
      "fillRule": "evenodd",
      "shadowColor": "#1ABC9C",
      "rotation": -1.5708,
      "points": [
        194.30651,
        30.63041,
        201.03823,
        30.63041,
        198.79432,
        35.1447,
        192.0626,
        35.1447,
        194.30651,
        30.63041,
        194.30651,
        30.63041
      ]
    }
  ]
}