{
  "width": 100,
  "height": 100,
  "comps": [
    {
      "type": "shape",
      "background": "rgb(145,146,148)",
      "shadowColor": "#1ABC9C",
      "points": [
        44.58862,
        72.56977,
        44.58862,
        93.57795,
        2.45601,
        69.13876,
        2.69416,
        48.74795,
        44.58862,
        72.56977
      ]
    },
    {
      "type": "shape",
      "background": "rgb(230,230,230)",
      "shadowColor": "#1ABC9C",
      "points": [
        97.23917,
        41.95099,
        44.21632,
        72.56279,
        2.69416,
        48.7088,
        55.71699,
        18.09591,
        97.23917,
        41.95099
      ]
    },
    {
      "type": "shape",
      "background": "rgb(184,184,184)",
      "shadowColor": "#1ABC9C",
      "points": [
        97.30584,
        63,
        44.1959,
        93.65913,
        44.1959,
        72.51227,
        97.30584,
        41.85207,
        97.30584,
        63
      ]
    },
    {
      "type": "shape",
      "background": "#283539",
      "shadowColor": "#1ABC9C",
      "points": [
        95.3529,
        53.59842,
        46.14885,
        82.00278,
        46.14885,
        73.73469,
        95.3529,
        45.32935,
        95.3529,
        53.59842
      ]
    },
    {
      "type": "shape",
      "background": "#3b4548",
      "shadowColor": "#1ABC9C",
      "points": [
        60.39963,
        70.93086,
        48.00972,
        78.08437,
        48.00972,
        74.88771,
        60.39963,
        67.73311,
        60.39963,
        70.93086
      ]
    },
    {
      "type": "shape",
      "background": "#3b4548",
      "shadowColor": "#1ABC9C",
      "points": [
        73.95613,
        63.10424,
        61.5641,
        70.25776,
        61.5641,
        67.06111,
        73.95613,
        59.90651,
        73.95613,
        63.10424
      ]
    },
    {
      "type": "shape",
      "background": "#3b4548",
      "shadowColor": "#1ABC9C",
      "points": [
        87.51156,
        55.27765,
        75.12167,
        62.43223,
        75.12167,
        59.2345,
        87.51156,
        52.08098,
        87.51156,
        55.27765
      ]
    },
    {
      "type": "shape",
      "background": "#283539",
      "shadowColor": "#1ABC9C",
      "points": [
        95.3529,
        64.06376,
        46.14885,
        92.46812,
        46.14885,
        84.20003,
        95.3529,
        55.79469,
        95.3529,
        64.06376
      ]
    },
    {
      "type": "shape",
      "background": "#3b4548",
      "shadowColor": "#1ABC9C",
      "points": [
        60.39963,
        81.39621,
        48.00972,
        88.54971,
        48.00972,
        85.35306,
        60.39963,
        78.19846,
        60.39963,
        81.39621
      ]
    },
    {
      "type": "shape",
      "background": "#3b4548",
      "shadowColor": "#1ABC9C",
      "points": [
        73.95613,
        73.56958,
        61.5641,
        80.7231,
        61.5641,
        77.52646,
        73.95613,
        70.37186,
        73.95613,
        73.56958
      ]
    },
    {
      "type": "shape",
      "background": "#3b4548",
      "shadowColor": "#1ABC9C",
      "points": [
        87.51156,
        65.743,
        75.12167,
        72.89757,
        75.12167,
        69.69984,
        87.51156,
        62.54632,
        87.51156,
        65.743
      ]
    },
    {
      "type": "shape",
      "background": "rgb(98,200,240)",
      "shadowColor": "#1ABC9C",
      "points": [
        52.84663,
        86.2057,
        92.34844,
        63.40005,
        92.34844,
        65.74296,
        52.84663,
        88.54971,
        52.84663,
        86.2057
      ]
    },
    {
      "type": "shape",
      "background": "#00ff00",
      "shadowColor": "#1ABC9C",
      "points": [
        55.26067,
        71.97473,
        55.26067,
        72.62568,
        54.81556,
        73.41186,
        54.26223,
        73.73891,
        53.7089,
        74.06279,
        53.26067,
        73.79865,
        53.26067,
        73.15086,
        53.26067,
        72.49992,
        53.7089,
        71.71373,
        54.26223,
        71.38668,
        54.81556,
        71.06279,
        55.26067,
        71.3238,
        55.26067,
        71.97473
      ],
      "segments": [
        1,
        4,
        4,
        4,
        4
      ]
    },
    {
      "type": "shape",
      "background": "#00ff00",
      "shadowColor": "#1ABC9C",
      "points": [
        68.76011,
        64.17206,
        68.76011,
        64.82301,
        68.315,
        65.60918,
        67.76167,
        65.93624,
        67.20834,
        66.26012,
        66.76011,
        65.99598,
        66.76011,
        65.34818,
        66.76011,
        64.69724,
        67.20834,
        63.91106,
        67.76167,
        63.58401,
        68.315,
        63.26012,
        68.76011,
        63.52113,
        68.76011,
        64.17206
      ],
      "segments": [
        1,
        4,
        4,
        4,
        4
      ]
    },
    {
      "type": "shape",
      "background": "#00ff00",
      "shadowColor": "#1ABC9C",
      "points": [
        82.31661,
        56.35662,
        82.31661,
        57.00757,
        81.8715,
        57.79375,
        81.31817,
        58.1208,
        80.76484,
        58.44468,
        80.31661,
        58.18054,
        80.31661,
        57.53275,
        80.31661,
        56.88181,
        80.76484,
        56.09562,
        81.31817,
        55.76857,
        81.8715,
        55.44468,
        82.31661,
        55.70569,
        82.31661,
        56.35662
      ],
      "segments": [
        1,
        4,
        4,
        4,
        4
      ]
    },
    {
      "type": "shape",
      "background": "#00ff00",
      "shadowColor": "#1ABC9C",
      "points": [
        55.26067,
        83.19587,
        55.26067,
        83.84682,
        54.81556,
        84.633,
        54.26223,
        84.96005,
        53.7089,
        85.28393,
        53.26067,
        85.01979,
        53.26067,
        84.372,
        53.26067,
        83.72106,
        53.7089,
        82.93487,
        54.26223,
        82.60782,
        54.81556,
        82.28393,
        55.26067,
        82.54494,
        55.26067,
        83.19587
      ],
      "segments": [
        1,
        4,
        4,
        4,
        4
      ]
    },
    {
      "type": "shape",
      "background": "#00ff00",
      "shadowColor": "#1ABC9C",
      "points": [
        68.76011,
        75.3932,
        68.76011,
        76.04415,
        68.315,
        76.83033,
        67.76167,
        77.15738,
        67.20834,
        77.48127,
        66.76011,
        77.21712,
        66.76011,
        76.56933,
        66.76011,
        75.91839,
        67.20834,
        75.1322,
        67.76167,
        74.80515,
        68.315,
        74.48127,
        68.76011,
        74.74227,
        68.76011,
        75.3932
      ],
      "segments": [
        1,
        4,
        4,
        4,
        4
      ]
    },
    {
      "type": "shape",
      "background": "#00ff00",
      "shadowColor": "#1ABC9C",
      "points": [
        82.31661,
        67.57776,
        82.31661,
        68.22871,
        81.8715,
        69.01489,
        81.31817,
        69.34194,
        80.76484,
        69.66582,
        80.31661,
        69.40168,
        80.31661,
        68.75389,
        80.31661,
        68.10295,
        80.76484,
        67.31676,
        81.31817,
        66.98971,
        81.8715,
        66.66582,
        82.31661,
        66.92683,
        82.31661,
        67.57776
      ],
      "segments": [
        1,
        4,
        4,
        4,
        4
      ]
    }
  ]
}