{
  "width": 100,
  "height": 100,
  "comps": [
    {
      "type": "shape",
      "background": "#959697",
      "shadowColor": "#1ABC9C",
      "points": [
        94.82876,
        43.60189,
        94.88713,
        44.26218,
        94.52325,
        44.90052,
        93.71145,
        45.36996,
        42.80314,
        74.76179,
        41.1336,
        75.72468,
        38.2176,
        75.60422,
        36.29099,
        74.49147,
        6.75509,
        57.43965,
        5.69078,
        56.82532,
        5.15262,
        56.03588,
        5.16421,
        55.29074,
        5.14682,
        56.16794,
        5.5343,
        57.60648,
        6.89087,
        58.39013,
        36.42677,
        75.44194,
        38.35421,
        76.55511,
        41.26938,
        76.67599,
        42.93851,
        75.71185,
        93.84723,
        46.32043,
        95.11564,
        45.58771,
        95.02829,
        44.41286,
        94.82876,
        43.60189
      ],
      "segments": [
        1,
        4,
        2,
        4,
        2,
        4,
        4,
        2,
        4,
        2,
        4
      ]
    },
    {
      "type": "shape",
      "background": "#bbbcbd",
      "shadowColor": "#1ABC9C",
      "points": [
        36.29099,
        74.49147,
        6.75509,
        57.43924,
        4.82848,
        56.32649,
        4.61901,
        54.64329,
        6.28813,
        53.67957,
        57.19645,
        24.28773,
        58.86516,
        23.32401,
        61.78157,
        23.44489,
        63.70901,
        24.55723,
        93.24408,
        41.61029,
        95.17152,
        42.7218,
        95.38099,
        44.40624,
        93.71145,
        45.36913,
        42.80314,
        74.76096,
        41.13402,
        75.72551,
        38.2176,
        75.60463,
        36.29099,
        74.49147
      ],
      "segments": [
        1,
        2,
        4,
        2,
        4,
        2,
        4,
        2,
        4
      ]
    },
    {
      "type": "shape",
      "background": "#434446",
      "shadowColor": "#1ABC9C",
      "points": [
        93.08553,
        45.05658,
        42.26167,
        74.39998,
        40.89309,
        75.18942,
        38.50365,
        75.09048,
        36.92436,
        74.17851,
        7.29739,
        57.07412,
        5.71727,
        56.16173,
        5.54589,
        54.78238,
        6.91406,
        53.99294,
        57.73792,
        24.64954,
        59.10609,
        23.85928,
        61.4951,
        23.95863,
        63.0744,
        24.8706,
        92.70137,
        41.97499,
        94.28149,
        42.88738,
        94.45287,
        44.26673,
        93.08553,
        45.05658
      ],
      "segments": [
        1,
        2,
        4,
        2,
        4,
        2,
        4,
        2,
        4
      ]
    },
    {
      "type": "shape",
      "background": "#61c6ef",
      "shadowColor": "#1ABC9C",
      "points": [
        87.52137,
        43.68759,
        39.88962,
        71.18758,
        11.47848,
        54.78528,
        59.11105,
        27.28405,
        87.52137,
        43.68759,
        87.52137,
        43.68759
      ]
    },
    {
      "type": "shape",
      "background": "#707172",
      "shadowColor": "#1ABC9C",
      "points": [
        45.6558,
        70.53227,
        43.17985,
        71.96087,
        42.98032,
        72.07637,
        42.62762,
        72.06188,
        42.39621,
        71.929,
        42.16521,
        71.79529,
        42.13996,
        71.5912,
        42.33949,
        71.47612,
        44.81503,
        70.04709,
        45.01457,
        69.9316,
        45.36851,
        69.94567,
        45.59868,
        70.07897,
        45.8305,
        70.21268,
        45.85534,
        70.41594,
        45.6558,
        70.53227
      ],
      "segments": [
        1,
        2,
        4,
        4,
        2,
        4,
        4
      ]
    },
    {
      "type": "shape",
      "background": "#707172",
      "shadowColor": "#1ABC9C",
      "points": [
        50.11384,
        67.95779,
        47.63872,
        69.38681,
        47.43836,
        69.50231,
        47.08524,
        69.48823,
        46.85425,
        69.35452,
        46.62325,
        69.22081,
        46.59717,
        69.01672,
        46.79795,
        68.90164,
        49.27307,
        67.47262,
        49.47302,
        67.35712,
        49.82655,
        67.37161,
        50.05754,
        67.50491,
        50.28895,
        67.63862,
        50.3142,
        67.84229,
        50.11384,
        67.95779
      ],
      "segments": [
        1,
        2,
        4,
        4,
        2,
        4,
        4
      ]
    },
    {
      "type": "shape",
      "background": "#707172",
      "shadowColor": "#1ABC9C",
      "points": [
        54.57271,
        65.38331,
        52.09593,
        66.81275,
        51.89639,
        66.92825,
        51.54369,
        66.91376,
        51.3127,
        66.78005,
        51.08212,
        66.64716,
        51.05645,
        66.44349,
        51.25598,
        66.32758,
        53.73235,
        64.89855,
        53.93188,
        64.78306,
        54.28583,
        64.79713,
        54.51599,
        64.93084,
        54.74699,
        65.06497,
        54.77183,
        65.26782,
        54.57271,
        65.38331
      ],
      "segments": [
        1,
        2,
        4,
        4,
        2,
        4,
        4
      ]
    },
    {
      "type": "shape",
      "background": "#707172",
      "shadowColor": "#1ABC9C",
      "points": [
        59.03074,
        62.81008,
        56.55521,
        64.23869,
        56.35485,
        64.3546,
        56.00214,
        64.34011,
        55.77073,
        64.20681,
        55.54015,
        64.0731,
        55.51449,
        63.86901,
        55.71485,
        63.75393,
        58.18956,
        62.32491,
        58.38992,
        62.20941,
        58.74262,
        62.2239,
        58.97403,
        62.35678,
        59.20627,
        62.49049,
        59.23152,
        62.69375,
        59.03074,
        62.81008
      ],
      "segments": [
        1,
        2,
        4,
        4,
        2,
        4,
        4
      ]
    },
    {
      "type": "shape",
      "background": "rgba(255,255,255,0.2)",
      "shadowColor": "#1ABC9C",
      "points": [
        57.22563,
        24.75842,
        16.97372,
        47.99825,
        33.43149,
        49.28321,
        62.02768,
        51.58944,
        79.05921,
        52.96878,
        92.57241,
        45.16587,
        94.04697,
        44.31434,
        94.05525,
        42.93913,
        92.58939,
        42.09256,
        62.54928,
        24.7489,
        61.08383,
        23.90316,
        58.7006,
        23.90688,
        57.22563,
        24.75842
      ],
      "segments": [
        1,
        2,
        4,
        2,
        4,
        2,
        4
      ]
    }
  ]
}