{
  "width": 100,
  "height": 100,
  "comps": [
    {
      "type": "shape",
      "background": "#929395",
      "shadowColor": "#1ABC9C",
      "points": [
        98.9514,
        57.06071,
        98.94536,
        56.98523,
        98.94134,
        56.93391,
        98.94134,
        56.93391,
        98.92926,
        56.92284,
        98.93329,
        56.97114,
        98.9514,
        57.01542,
        98.9514,
        57.06071
      ],
      "segments": [
        1,
        4,
        2,
        4
      ]
    },
    {
      "type": "shape",
      "background": "#929395",
      "shadowColor": "#1ABC9C",
      "points": [
        98.94958,
        57.06254,
        98.94389,
        57.49713,
        98.65654,
        57.92958,
        98.08539,
        58.25961,
        66.93253,
        76.24617,
        65.78525,
        76.90979,
        63.91106,
        76.91334,
        62.77018,
        76.25257,
        1.5591,
        40.9139,
        0.9218,
        40.54546,
        0.52136,
        40.12652,
        0.40756,
        39.74955,
        0.22405,
        41.0654,
        0.67144,
        43.63094,
        1.5591,
        44.14377,
        62.77018,
        79.48387,
        63.91106,
        80.14322,
        65.78454,
        80.13966,
        66.93253,
        79.47605,
        98.08539,
        61.4909,
        99.12171,
        60.89273,
        98.98514,
        57.68419,
        98.94958,
        57.06254
      ],
      "segments": [
        1,
        4,
        2,
        4,
        2,
        4,
        4,
        2,
        4,
        2,
        4
      ]
    },
    {
      "type": "shape",
      "background": "#e5e5e6",
      "shadowColor": "#1ABC9C",
      "points": [
        98.08539,
        58.2589,
        66.93253,
        76.24475,
        65.78525,
        76.90765,
        63.91106,
        76.91192,
        62.77018,
        76.25329,
        1.55981,
        40.91247,
        0.41751,
        40.25455,
        0,
        39.41668,
        0.72336,
        38.99916,
        31.02554,
        21.50337,
        33.87204,
        19.85963,
        35.74623,
        19.85678,
        36.8864,
        20.51542,
        98.09748,
        55.85552,
        99.23978,
        56.51344,
        99.23409,
        57.59671,
        98.08539,
        58.2589
      ],
      "segments": [
        1,
        2,
        4,
        2,
        4,
        2,
        4,
        2,
        4
      ]
    },
    {
      "type": "shape",
      "background": "#47415b",
      "shadowColor": "#1ABC9C",
      "points": [
        57.03024,
        71.23031,
        4.72851,
        41.0341,
        4.37146,
        40.82783,
        4.33092,
        40.51274,
        4.64103,
        40.33421,
        35.8828,
        22.29644,
        36.19433,
        22.11577,
        36.73988,
        22.13996,
        37.09836,
        22.34623,
        89.39866,
        52.54243,
        89.75856,
        52.7487,
        89.79697,
        53.06521,
        89.48757,
        53.24374,
        58.2458,
        71.28152,
        57.9364,
        71.46005,
        57.38872,
        71.438,
        57.03024,
        71.23031
      ],
      "segments": [
        1,
        2,
        4,
        2,
        4,
        2,
        4,
        2,
        4
      ]
    },
    {
      "type": "shape",
      "background": "#c94a16",
      "shadowColor": "#1ABC9C",
      "points": [
        19.55705,
        41.74964,
        16.01991,
        43.79098,
        15.34065,
        44.18147,
        14.14714,
        44.13381,
        13.36545,
        43.68216,
        10.24654,
        41.88051,
        9.46556,
        41.42886,
        9.3795,
        40.74035,
        10.0545,
        40.34915,
        13.59448,
        38.30639,
        14.2709,
        37.91661,
        15.46298,
        37.96569,
        16.24538,
        38.41663,
        19.36572,
        40.21756,
        20.1474,
        40.66922,
        20.23346,
        41.35702,
        19.55705,
        41.74964
      ],
      "segments": [
        1,
        2,
        4,
        2,
        4,
        2,
        4,
        2,
        4
      ]
    },
    {
      "type": "shape",
      "background": "#54a4db",
      "shadowColor": "#1ABC9C",
      "points": [
        26.7309,
        37.60579,
        23.19234,
        39.64855,
        22.51592,
        40.04046,
        21.32099,
        39.98925,
        20.53931,
        39.53973,
        17.42182,
        37.73808,
        16.63942,
        37.28785,
        16.55336,
        36.59721,
        17.2312,
        36.20814,
        20.76834,
        34.16396,
        21.44618,
        33.77276,
        22.63969,
        33.82468,
        23.42137,
        34.2742,
        26.54028,
        36.07514,
        27.32268,
        36.52608,
        27.40874,
        37.21459,
        26.7309,
        37.60579
      ],
      "segments": [
        1,
        2,
        4,
        2,
        4,
        2,
        4,
        2,
        4
      ]
    },
    {
      "type": "shape",
      "background": "#c75b9e",
      "shadowColor": "#1ABC9C",
      "points": [
        33.90547,
        33.46478,
        30.36833,
        35.50612,
        29.69049,
        35.89732,
        28.49556,
        35.84824,
        27.71459,
        35.3973,
        24.59425,
        33.59565,
        23.81328,
        33.144,
        23.72864,
        32.45478,
        24.40363,
        32.06429,
        27.94219,
        30.02153,
        28.62003,
        29.63175,
        29.81212,
        29.68083,
        30.59452,
        30.13177,
        33.71485,
        31.93271,
        34.49725,
        32.38365,
        34.5826,
        33.07216,
        33.90547,
        33.46478
      ],
      "segments": [
        1,
        2,
        4,
        2,
        4,
        2,
        4,
        2,
        4
      ]
    },
    {
      "type": "shape",
      "background": "#3761ad",
      "shadowColor": "#1ABC9C",
      "points": [
        41.07933,
        29.32235,
        37.54219,
        31.36369,
        36.86577,
        31.7556,
        35.67084,
        31.70581,
        34.88916,
        31.25487,
        31.77024,
        29.45465,
        30.98785,
        29.00299,
        30.90321,
        28.31448,
        31.57962,
        27.92328,
        35.11818,
        25.8791,
        35.7946,
        25.48932,
        36.98811,
        25.53911,
        37.77051,
        25.99077,
        40.89084,
        27.79028,
        41.67253,
        28.24122,
        41.75717,
        28.92973,
        41.07933,
        29.32235
      ],
      "segments": [
        1,
        2,
        4,
        2,
        4,
        2,
        4,
        2,
        4
      ]
    },
    {
      "type": "shape",
      "background": "#cea042",
      "shadowColor": "#1ABC9C",
      "points": [
        27.41514,
        46.28682,
        23.878,
        48.32816,
        23.20017,
        48.72007,
        22.00523,
        48.67099,
        21.22355,
        48.21863,
        18.10606,
        46.41769,
        17.32366,
        45.96746,
        17.2376,
        45.27682,
        17.91402,
        44.88776,
        21.45258,
        42.84499,
        22.13042,
        42.45379,
        23.32393,
        42.50429,
        24.1049,
        42.95382,
        27.22524,
        44.75475,
        28.0055,
        45.2064,
        28.09369,
        45.89562,
        27.41514,
        46.28682
      ],
      "segments": [
        1,
        2,
        4,
        2,
        4,
        2,
        4,
        2,
        4
      ]
    },
    {
      "type": "shape",
      "background": "#5eb96b",
      "shadowColor": "#1ABC9C",
      "points": [
        34.59042,
        42.14439,
        31.05328,
        44.18716,
        30.37544,
        44.57764,
        29.18051,
        44.52856,
        28.39954,
        44.07762,
        25.28063,
        42.27669,
        24.49681,
        41.82503,
        24.41217,
        41.13581,
        25.08858,
        40.74533,
        28.62715,
        38.70114,
        29.30214,
        38.31136,
        30.49707,
        38.36115,
        31.27947,
        38.81281,
        34.3998,
        40.61374,
        35.1822,
        41.06469,
        35.26684,
        41.75177,
        34.59042,
        42.14439
      ],
      "segments": [
        1,
        2,
        4,
        2,
        4,
        2,
        4,
        2,
        4
      ]
    },
    {
      "type": "shape",
      "background": "#d47722",
      "shadowColor": "#1ABC9C",
      "points": [
        41.7657,
        38.00196,
        38.22714,
        40.0433,
        37.55072,
        40.43521,
        36.35579,
        40.38542,
        35.57411,
        39.93377,
        32.45662,
        38.13426,
        31.67422,
        37.6826,
        31.58816,
        36.99338,
        32.26386,
        36.6029,
        35.80243,
        34.56013,
        36.48169,
        34.16894,
        37.6752,
        34.21944,
        38.45546,
        34.67038,
        41.57579,
        36.46989,
        42.35606,
        36.92083,
        42.44212,
        37.61076,
        41.7657,
        38.00196
      ],
      "segments": [
        1,
        2,
        4,
        2,
        4,
        2,
        4,
        2,
        4
      ]
    },
    {
      "type": "shape",
      "background": "#e6e995",
      "shadowColor": "#1ABC9C",
      "points": [
        48.93956,
        33.85953,
        45.40242,
        35.90159,
        44.72458,
        36.29207,
        43.52965,
        36.24299,
        42.74939,
        35.79205,
        39.63047,
        33.99112,
        38.84808,
        33.53946,
        38.76201,
        32.85024,
        39.43843,
        32.45976,
        42.97842,
        30.41699,
        43.65483,
        30.02722,
        44.84834,
        30.07558,
        45.63074,
        30.52724,
        48.74965,
        32.32817,
        49.53134,
        32.77983,
        49.6174,
        33.46834,
        48.93956,
        33.85953
      ],
      "segments": [
        1,
        2,
        4,
        2,
        4,
        2,
        4,
        2,
        4
      ]
    },
    {
      "type": "shape",
      "background": "#c75b9e",
      "shadowColor": "#1ABC9C",
      "points": [
        35.27538,
        50.82329,
        31.73681,
        52.86606,
        31.0604,
        53.25868,
        29.86546,
        53.20676,
        29.08378,
        52.75723,
        25.96629,
        50.9563,
        25.18389,
        50.50607,
        25.09783,
        49.81543,
        25.77496,
        49.42565,
        29.31352,
        47.38218,
        29.98994,
        46.99098,
        31.18487,
        47.04148,
        31.96726,
        47.49242,
        35.08618,
        49.29335,
        35.86715,
        49.74359,
        35.95321,
        50.43281,
        35.27538,
        50.82329
      ],
      "segments": [
        1,
        2,
        4,
        2,
        4,
        2,
        4,
        2,
        4
      ]
    },
    {
      "type": "shape",
      "background": "#3761ad",
      "shadowColor": "#1ABC9C",
      "points": [
        42.45065,
        46.68229,
        38.91209,
        48.72363,
        38.23425,
        49.11625,
        37.04074,
        49.06575,
        36.25906,
        48.6148,
        33.14015,
        46.81387,
        32.35917,
        46.36222,
        32.27311,
        45.673,
        32.9481,
        45.28322,
        36.48809,
        43.24046,
        37.16593,
        42.84997,
        38.35801,
        42.89905,
        39.1397,
        43.34999,
        42.26003,
        45.15093,
        43.04101,
        45.60187,
        43.12707,
        46.29038,
        42.45065,
        46.68229
      ],
      "segments": [
        1,
        2,
        4,
        2,
        4,
        2,
        4,
        2,
        4
      ]
    },
    {
      "type": "shape",
      "background": "#5eb96b",
      "shadowColor": "#1ABC9C",
      "points": [
        49.62451,
        42.53986,
        46.08737,
        44.58262,
        45.41096,
        44.97382,
        44.21602,
        44.92332,
        43.43292,
        44.47237,
        40.31543,
        42.67286,
        39.53303,
        42.22121,
        39.44697,
        41.53128,
        40.12481,
        41.14079,
        43.66337,
        39.09732,
        44.33978,
        38.70754,
        45.53329,
        38.75662,
        46.31498,
        39.20899,
        49.43389,
        41.00992,
        50.21629,
        41.45944,
        50.30235,
        42.14795,
        49.62451,
        42.53986
      ],
      "segments": [
        1,
        2,
        4,
        2,
        4,
        2,
        4,
        2,
        4
      ]
    },
    {
      "type": "shape",
      "background": "#cea042",
      "shadowColor": "#1ABC9C",
      "points": [
        56.79979,
        38.39672,
        53.26265,
        40.43806,
        52.58481,
        40.83068,
        51.3913,
        40.78018,
        50.60891,
        40.32923,
        47.48857,
        38.5283,
        46.7076,
        38.07807,
        46.62296,
        37.38743,
        47.29795,
        36.99765,
        50.83651,
        34.95489,
        51.51293,
        34.5644,
        52.70786,
        34.61419,
        53.48883,
        35.06442,
        56.61059,
        36.86536,
        57.39157,
        37.31701,
        57.47621,
        38.00694,
        56.79979,
        38.39672
      ],
      "segments": [
        1,
        2,
        4,
        2,
        4,
        2,
        4,
        2,
        4
      ]
    },
    {
      "type": "shape",
      "background": "#e6e995",
      "shadowColor": "#1ABC9C",
      "points": [
        43.13418,
        55.3619,
        39.59704,
        57.40466,
        38.92063,
        57.79586,
        37.7257,
        57.74536,
        36.9433,
        57.29584,
        33.82439,
        55.49491,
        33.04199,
        55.04325,
        32.95735,
        54.35403,
        33.63377,
        53.96283,
        37.17233,
        51.91936,
        37.84732,
        51.52958,
        39.04225,
        51.57866,
        39.82394,
        52.03032,
        42.94285,
        53.83196,
        43.72596,
        54.2829,
        43.81202,
        54.96999,
        43.13418,
        55.3619
      ],
      "segments": [
        1,
        2,
        4,
        2,
        4,
        2,
        4,
        2,
        4
      ]
    },
    {
      "type": "shape",
      "background": "#c94a16",
      "shadowColor": "#1ABC9C",
      "points": [
        50.30946,
        51.21947,
        46.77232,
        53.26223,
        46.09448,
        53.65485,
        44.90098,
        53.60293,
        44.11858,
        53.15199,
        40.99967,
        51.35248,
        40.21727,
        50.90082,
        40.13263,
        50.2116,
        40.80762,
        49.82183,
        44.34619,
        47.77764,
        45.02402,
        47.38715,
        46.21753,
        47.43765,
        46.99851,
        47.88789,
        50.12027,
        49.68953,
        50.90124,
        50.13905,
        50.9873,
        50.82827,
        50.30946,
        51.21947
      ],
      "segments": [
        1,
        2,
        4,
        2,
        4,
        2,
        4,
        2,
        4
      ]
    },
    {
      "type": "shape",
      "background": "#c75b9e",
      "shadowColor": "#1ABC9C",
      "points": [
        57.48474,
        47.07775,
        53.9476,
        49.11909,
        53.26976,
        49.51029,
        52.07483,
        49.46193,
        51.29386,
        49.01027,
        48.17495,
        47.20934,
        47.39255,
        46.75768,
        47.30649,
        46.06775,
        47.9829,
        45.67726,
        51.52147,
        43.6345,
        52.19788,
        43.24544,
        53.39139,
        43.2938,
        54.17521,
        43.74475,
        57.29412,
        45.54639,
        58.07652,
        45.99805,
        58.16258,
        46.68584,
        57.48474,
        47.07775
      ],
      "segments": [
        1,
        2,
        4,
        2,
        4,
        2,
        4,
        2,
        4
      ]
    },
    {
      "type": "shape",
      "background": "#bb90c0",
      "shadowColor": "#1ABC9C",
      "points": [
        64.66002,
        42.9339,
        61.12146,
        44.97666,
        60.44504,
        45.36928,
        59.25011,
        45.31736,
        58.46772,
        44.86784,
        55.35023,
        43.06691,
        54.56783,
        42.61596,
        54.48177,
        41.92603,
        55.15818,
        41.53626,
        58.69674,
        39.49207,
        59.37458,
        39.10158,
        60.56809,
        39.15208,
        61.34907,
        39.60232,
        64.4694,
        41.40396,
        65.2518,
        41.85562,
        65.33786,
        42.5427,
        64.66002,
        42.9339
      ],
      "segments": [
        1,
        2,
        4,
        2,
        4,
        2,
        4,
        2,
        4
      ]
    },
    {
      "type": "shape",
      "background": "#5eb96b",
      "shadowColor": "#1ABC9C",
      "points": [
        50.99584,
        59.90051,
        47.45728,
        61.94185,
        46.77944,
        62.33376,
        45.58593,
        62.28397,
        44.80353,
        61.83302,
        41.68462,
        60.03209,
        40.90364,
        59.57972,
        40.81758,
        58.89122,
        41.49258,
        58.50144,
        45.03114,
        56.45868,
        45.70898,
        56.06748,
        46.90249,
        56.11727,
        47.68488,
        56.5675,
        50.80522,
        58.36914,
        51.58619,
        58.82009,
        51.67225,
        59.50789,
        50.99584,
        59.90051
      ],
      "segments": [
        1,
        2,
        4,
        2,
        4,
        2,
        4,
        2,
        4
      ]
    },
    {
      "type": "shape",
      "background": "#3761ad",
      "shadowColor": "#1ABC9C",
      "points": [
        58.16969,
        55.75808,
        54.63113,
        57.80084,
        53.95472,
        58.19133,
        52.75978,
        58.14154,
        51.97739,
        57.6913,
        48.8599,
        55.89037,
        48.0775,
        55.43872,
        47.99144,
        54.75021,
        48.66785,
        54.35901,
        52.20784,
        52.31482,
        52.88426,
        51.92505,
        54.07777,
        51.97484,
        54.86016,
        52.42649,
        57.97907,
        54.22743,
        58.76147,
        54.67766,
        58.84753,
        55.36546,
        58.16969,
        55.75808
      ],
      "segments": [
        1,
        2,
        4,
        2,
        4,
        2,
        4,
        2,
        4
      ]
    },
    {
      "type": "shape",
      "background": "#b1b2b3",
      "shadowColor": "#1ABC9C",
      "points": [
        78.33772,
        67.25574,
        77.34194,
        67.25574,
        76.40094,
        67.03026,
        75.68824,
        66.61986,
        74.91012,
        66.16821,
        74.48122,
        65.54656,
        74.48122,
        64.86943,
        74.48122,
        64.18448,
        74.91581,
        63.55856,
        75.70389,
        63.10477,
        77.14137,
        62.27472,
        79.59951,
        62.2669,
        81.02987,
        63.09481,
        81.808,
        63.54434,
        82.2369,
        64.16527,
        82.2369,
        64.84382,
        82.2369,
        65.52735,
        81.80231,
        66.15611,
        81.0128,
        66.6099,
        80.29229,
        67.02742,
        79.34061,
        67.25574,
        78.33772,
        67.25574,
        78.38111,
        63.22142,
        77.50838,
        63.22142,
        76.69611,
        63.41346,
        76.08584,
        63.76554,
        75.54386,
        64.07779,
        75.24655,
        64.47041,
        75.24655,
        64.87014,
        75.24655,
        65.26489,
        75.53817,
        65.65183,
        76.07162,
        65.95767,
        77.27509,
        66.65187,
        79.42098,
        66.64689,
        80.63227,
        65.94985,
        81.17568,
        65.63689,
        81.47442,
        65.24356,
        81.47442,
        64.84382,
        81.47442,
        64.44907,
        81.17995,
        64.06356,
        80.64792,
        63.75558,
        80.04903,
        63.40991,
        79.2453,
        63.22142,
        78.38111,
        63.22142
      ],
      "segments": [
        1,
        4,
        4,
        4,
        4,
        4,
        4,
        4,
        1,
        4,
        4,
        4,
        4,
        4,
        4,
        4
      ]
    },
    {
      "type": "shape",
      "background": "#666374",
      "shadowColor": "#1ABC9C",
      "points": [
        21.44333,
        29.51581,
        16.31295,
        32.47896,
        16.0071,
        32.65607,
        15.46583,
        32.63402,
        15.11091,
        32.42775,
        14.75812,
        32.22433,
        14.719,
        31.91279,
        15.02626,
        31.73497,
        20.15522,
        28.77325,
        20.46249,
        28.59686,
        21.00234,
        28.6189,
        21.35727,
        28.82233,
        21.71148,
        29.0286,
        21.7506,
        29.34013,
        21.44333,
        29.51581
      ],
      "segments": [
        1,
        2,
        4,
        4,
        2,
        4,
        4
      ]
    },
    {
      "type": "shape",
      "background": "#ffffff",
      "opacity": 0.35,
      "shadowColor": "#1ABC9C",
      "points": [
        36.95468,
        22.35192,
        36.62679,
        22.16414,
        36.07271,
        22.16414,
        35.74197,
        22.35476,
        4.58911,
        40.34133,
        4.39849,
        40.45015,
        4.33092,
        40.60094,
        4.36008,
        40.74675,
        20.68867,
        34.85033,
        70.62188,
        42.86277,
        89.49255,
        52.73021,
        89.45485,
        52.68468,
        89.4136,
        52.63916,
        89.34958,
        52.60289,
        36.95468,
        22.35192,
        36.95468,
        22.35192
      ],
      "segments": [
        1,
        4,
        2,
        4,
        4,
        4,
        2,
        2
      ]
    }
  ]
}