{
  "width": 49,
  "height": 53,
  "comps": [
    {
      "type": "polygon",
      "background": "rgba(0,0,0,0.10)",
      "borderColor": "#979797",
      "shadowColor": "#1ABC9C",
      "rotation": 1.5708,
      "rect": [
        -1.21028,
        -4.30984,
        51.42056,
        61.61968
      ]
    },
    {
      "type": "polygon",
      "borderWidth": 1,
      "borderColor": "rgb(98,200,240)",
      "shadowColor": "#1ABC9C",
      "rotation": 1.5708,
      "rect": [
        4.98549,
        3.11484,
        39.02902,
        46.77032
      ]
    },
    {
      "type": "shape",
      "borderWidth": 1,
      "borderColor": "rgb(98,200,240)",
      "shadowColor": "#1ABC9C",
      "points": [
        7.60892,
        16.90506,
        24.55136,
        25.60201,
        24.55136,
        46.05602,
        41.41074,
        16.98812,
        24.55136,
        25.60201
      ],
      "segments": [
        1,
        2,
        2,
        1,
        2
      ]
    },
    {
      "type": "oval",
      "background": "rgb(98,200,240)",
      "borderWidth": 1,
      "borderColor": "rgb(16,147,199)",
      "shadowColor": "#1ABC9C",
      "rect": [
        21.97464,
        4.48549,
        5,
        5
      ]
    },
    {
      "type": "oval",
      "background": "rgb(98,200,240)",
      "borderWidth": 1,
      "borderColor": "rgb(16,147,199)",
      "shadowColor": "#1ABC9C",
      "rect": [
        5.23707,
        14.37284,
        5,
        5
      ]
    },
    {
      "type": "oval",
      "background": "rgb(98,200,240)",
      "borderWidth": 1,
      "borderColor": "rgb(16,147,199)",
      "shadowColor": "#1ABC9C",
      "rect": [
        38.83299,
        14.37284,
        5,
        5
      ]
    },
    {
      "type": "oval",
      "background": "rgb(98,200,240)",
      "borderWidth": 1,
      "borderColor": "rgb(16,147,199)",
      "shadowColor": "#1ABC9C",
      "rect": [
        5.23707,
        33.75643,
        5,
        5
      ]
    },
    {
      "type": "oval",
      "background": "rgb(98,200,240)",
      "borderWidth": 1,
      "borderColor": "rgb(16,147,199)",
      "shadowColor": "#1ABC9C",
      "rect": [
        38.83299,
        33.75643,
        5,
        5
      ]
    },
    {
      "type": "oval",
      "background": "rgb(98,200,240)",
      "borderWidth": 1,
      "borderColor": "rgb(16,147,199)",
      "shadowColor": "#1ABC9C",
      "rect": [
        22,
        43.51451,
        5,
        5
      ]
    },
    {
      "type": "oval",
      "background": "rgb(98,200,240)",
      "borderWidth": 1,
      "borderColor": "rgb(16,147,199)",
      "shadowColor": "#1ABC9C",
      "rect": [
        21.97464,
        22.89602,
        5,
        5
      ]
    }
  ]
}