{
  "width": 100,
  "height": 100,
  "comps": [
    {
      "type": "oval",
      "borderWidth": 4,
      "borderColor": "rgb(30,232,178)",
      "shadowColor": "#1ABC9C",
      "rect": [
        23.59426,
        23.59426,
        52.81148,
        52.81148
      ]
    },
    {
      "type": "shape",
      "borderWidth": 4,
      "borderColor": "rgb(30,232,178)",
      "borderJoin": "miter",
      "shadowColor": "#1ABC9C",
      "points": [
        35.12541,
        55.26393,
        45.81202,
        62.77343,
        64.87461,
        38.22313
      ]
    }
  ]
}