{
  "background": "rgb(0,0,0)",
  "width": 120,
  "height": 100,
  "comps": [
    {
      "type": "text",
      "text": "Gateways",
      "align": "center",
      "color": "rgb(214,214,214)",
      "rect": [
        32.17677,
        37.63158,
        64.81203,
        24.73684
      ]
    },
    {
      "type": "text",
      "text": "通讯网关",
      "align": "center",
      "color": "rgb(214,214,214)",
      "rect": [
        27.59398,
        22.68012,
        64.81203,
        24.73684
      ]
    }
  ]
}