{
  "width": 100,
  "height": 100,
  "comps": [
    {
      "type": "shape",
      "background": "rgb(16,147,199)",
      "borderColor": "rgb(4,104,204)",
      "points": [
        14.60406,
        65.95815,
        14.60406,
        65.95815,
        14.60406,
        72.91401,
        14.60406,
        80.96093,
        14.60406,
        85.27631,
        25.60648,
        97.10582,
        50.02364,
        97.10582,
        74.44081,
        97.10582,
        85.39597,
        85.74192,
        85.39597,
        80.96093,
        85.39597,
        76.67091,
        85.39597,
        65.95815,
        85.39597,
        65.95815
      ],
      "segments": [
        1,
        4,
        4,
        4,
        4
      ]
    },
    {
      "type": "oval",
      "background": "rgb(98,200,240)",
      "borderColor": "rgb(97,174,250)",
      "shadowColor": "#1ABC9C",
      "rect": [
        14.60406,
        46.3229,
        70.79189,
        40.19672
      ]
    },
    {
      "type": "shape",
      "background": "rgb(16,147,199)",
      "borderColor": "rgb(4,104,204)",
      "points": [
        14.60405,
        45.45994,
        14.60405,
        45.45994,
        14.60405,
        52.4158,
        14.60405,
        60.46272,
        14.60405,
        64.77809,
        25.60646,
        76.60761,
        50.02362,
        76.60761,
        74.4408,
        76.60761,
        85.39595,
        65.24371,
        85.39595,
        60.46272,
        85.39595,
        56.1727,
        85.39595,
        45.45994,
        85.39595,
        45.45994
      ],
      "segments": [
        1,
        4,
        4,
        4,
        4
      ]
    },
    {
      "type": "oval",
      "background": "rgb(98,200,240)",
      "borderColor": "rgb(97,174,250)",
      "shadowColor": "#1ABC9C",
      "rect": [
        14.60405,
        25.82469,
        70.79189,
        40.19672
      ]
    },
    {
      "type": "shape",
      "background": "rgb(16,147,199)",
      "borderColor": "rgb(4,104,204)",
      "points": [
        14.60403,
        22.52943,
        14.60403,
        22.52943,
        14.60403,
        29.48529,
        14.60403,
        37.53221,
        14.60403,
        41.84759,
        25.60645,
        53.6771,
        50.02361,
        53.6771,
        74.44079,
        53.6771,
        85.39594,
        42.3132,
        85.39594,
        37.53221,
        85.39594,
        33.24219,
        85.39594,
        22.52943,
        85.39594,
        22.52943
      ],
      "segments": [
        1,
        4,
        4,
        4,
        4
      ]
    },
    {
      "type": "oval",
      "background": "rgb(98,200,240)",
      "borderColor": "rgb(97,174,250)",
      "shadowColor": "#1ABC9C",
      "rect": [
        14.60403,
        2.89418,
        70.79189,
        40.19672
      ]
    },
    {
      "type": "oval",
      "background": "rgba(255,255,255,0.2)",
      "borderColor": "rgb(97,174,250)",
      "shadowColor": "#1ABC9C",
      "rect": [
        22.92153,
        3.40359,
        55.48487,
        22.4211
      ]
    }
  ]
}