{
  "width": 120,
  "height": 66,
  "comps": [
    {
      "type": "trapezoid",
      "background": "#D8D8D8",
      "borderWidth": 1,
      "borderColor": "rgb(255,255,255)",
      "rect": [
        7.01506,
        7.28388,
        105.65462,
        12.06813
      ]
    },
    {
      "type": "shape",
      "background": "rgba(255,255,255,0.3)",
      "borderColor": "#979797",
      "points": [
        73.07185,
        7.16003,
        87.91884,
        7.22814,
        111.75576,
        19.35091,
        84.24115,
        19.35091
      ]
    },
    {
      "type": "shape",
      "background": "rgba(255,255,255,0.3)",
      "borderColor": "#979797",
      "points": [
        66.07456,
        7.16113,
        61.70686,
        7.16113,
        59.84236,
        19.35201,
        72.92883,
        19.35201
      ]
    },
    {
      "type": "rect",
      "background": "rgb(16,147,199)",
      "borderWidth": 1,
      "borderColor": "rgb(145,145,145)",
      "rect": [
        2.95498,
        19.35091,
        113.91344,
        43.27306
      ]
    },
    {
      "type": "circle",
      "background": "rgb(204,235,255)",
      "borderWidth": 1,
      "borderColor": "rgb(74,97,135)",
      "rect": [
        97.58554,
        41.30316,
        6.81376,
        4.61803
      ]
    },
    {
      "type": "circle",
      "background": "rgb(204,235,255)",
      "borderWidth": 1,
      "borderColor": "rgb(74,97,135)",
      "rect": [
        104.65118,
        41.30316,
        6.81376,
        4.61803
      ]
    },
    {
      "type": "circle",
      "background": "rgb(204,235,255)",
      "borderWidth": 1,
      "borderColor": "rgb(74,97,135)",
      "rect": [
        97.58553,
        31.25406,
        6.81376,
        4.61803
      ]
    },
    {
      "type": "circle",
      "background": "rgb(204,235,255)",
      "borderWidth": 1,
      "borderColor": "rgb(74,97,135)",
      "rect": [
        104.65118,
        31.25406,
        6.81376,
        4.61803
      ]
    },
    {
      "type": "rect",
      "background": "#D8D8D8",
      "borderWidth": 1,
      "borderColor": "#979797",
      "rect": [
        97.58553,
        50.37205,
        13.8794,
        8.70977
      ]
    },
    {
      "type": "shape",
      "background": "rgb(0,0,0)",
      "borderColor": "#979797",
      "points": [
        101.71676,
        52.89292,
        107.5856,
        52.89292,
        107.5856,
        55.82734,
        106.11839,
        55.82734,
        106.11839,
        56.56095,
        103.18397,
        56.56095,
        103.18397,
        55.82734,
        101.71676,
        55.82734
      ]
    },
    {
      "type": "rect",
      "background": "#F6A623",
      "borderColor": "#979797",
      "rect": [
        103.18397,
        52.89292,
        2.93442,
        0.7336
      ]
    },
    {
      "type": "rect",
      "background": "rgb(41,41,41)",
      "borderWidth": 1,
      "borderColor": "rgb(84,84,84)",
      "rect": [
        7.01506,
        22.74241,
        85.39875,
        36.33941
      ]
    },
    {
      "type": "shape",
      "background": "rgb(255,255,255)",
      "shadowColor": "#1ABC9C",
      "points": [
        28.63193,
        25.65189,
        26.82359,
        27.33258,
        23.68596,
        27.33258,
        22.16594,
        25.65189,
        28.63193,
        25.65189,
        28.63193,
        25.65189
      ]
    },
    {
      "type": "shape",
      "background": "rgb(255,255,255)",
      "shadowColor": "#1ABC9C",
      "points": [
        27.6555,
        36.85623,
        21.18951,
        36.85623,
        22.99784,
        35.19169,
        26.13547,
        35.19169,
        27.6555,
        36.85623,
        27.6555,
        36.85623
      ]
    },
    {
      "type": "shape",
      "background": "rgb(255,255,255)",
      "shadowColor": "#1ABC9C",
      "points": [
        22.90174,
        32.61453,
        22.70954,
        34.87183,
        20.9012,
        36.53638,
        21.26947,
        32.19858,
        21.95759,
        31.57428,
        22.90174,
        32.61453,
        22.90174,
        32.61453
      ]
    },
    {
      "type": "shape",
      "background": "rgb(255,255,255)",
      "shadowColor": "#1ABC9C",
      "points": [
        21.44554,
        30.30955,
        21.81381,
        25.97248,
        23.33383,
        27.63703,
        23.14236,
        29.89359,
        22.00528,
        30.94998,
        21.44554,
        30.30955,
        21.44554,
        30.30955
      ]
    },
    {
      "type": "shape",
      "background": "rgb(255,255,255)",
      "shadowColor": "#1ABC9C",
      "points": [
        28.35976,
        32.19858,
        27.99149,
        36.53638,
        26.47146,
        34.87183,
        26.66367,
        32.61453,
        27.80002,
        31.57428,
        28.35976,
        32.19858,
        28.35976,
        32.19858
      ]
    },
    {
      "type": "shape",
      "background": "rgb(255,255,255)",
      "shadowColor": "#1ABC9C",
      "points": [
        26.90355,
        29.89359,
        27.09576,
        27.63703,
        28.90409,
        25.97248,
        28.53582,
        30.30955,
        27.8477,
        30.94998,
        26.90355,
        29.89359,
        26.90355,
        29.89359
      ]
    },
    {
      "type": "shape",
      "background": "rgb(255,255,255)",
      "shadowColor": "#1ABC9C",
      "points": [
        26.75903,
        30.42179,
        27.52785,
        31.25443,
        26.61525,
        32.08634,
        23.06167,
        32.08634,
        22.30972,
        31.25443,
        23.20619,
        30.42179,
        26.75903,
        30.42179,
        26.75903,
        30.42179
      ]
    },
    {
      "type": "shape",
      "background": "rgb(255,255,255)",
      "shadowColor": "#1ABC9C",
      "points": [
        38.42493,
        25.65189,
        36.6166,
        27.33258,
        33.47897,
        27.33258,
        31.95894,
        25.65189,
        38.42493,
        25.65189,
        38.42493,
        25.65189
      ]
    },
    {
      "type": "shape",
      "background": "rgb(255,255,255)",
      "shadowColor": "#1ABC9C",
      "points": [
        37.4485,
        36.85623,
        30.98251,
        36.85623,
        32.79085,
        35.19169,
        35.92848,
        35.19169,
        37.4485,
        36.85623,
        37.4485,
        36.85623
      ]
    },
    {
      "type": "shape",
      "background": "rgb(255,255,255)",
      "shadowColor": "#1ABC9C",
      "points": [
        32.69475,
        32.61453,
        32.50254,
        34.87183,
        30.69421,
        36.53638,
        31.06248,
        32.19858,
        31.7506,
        31.57428,
        32.69475,
        32.61453,
        32.69475,
        32.61453
      ]
    },
    {
      "type": "shape",
      "background": "rgb(255,255,255)",
      "shadowColor": "#1ABC9C",
      "points": [
        31.23854,
        30.30955,
        31.60681,
        25.97248,
        33.12684,
        27.63703,
        32.93537,
        29.89359,
        31.79828,
        30.94998,
        31.23854,
        30.30955,
        31.23854,
        30.30955
      ]
    },
    {
      "type": "shape",
      "background": "rgb(255,255,255)",
      "shadowColor": "#1ABC9C",
      "points": [
        38.15276,
        32.19858,
        37.7845,
        36.53638,
        36.26447,
        34.87183,
        36.45667,
        32.61453,
        37.59302,
        31.57428,
        38.15276,
        32.19858,
        38.15276,
        32.19858
      ]
    },
    {
      "type": "shape",
      "background": "rgb(255,255,255)",
      "shadowColor": "#1ABC9C",
      "points": [
        36.69656,
        29.89359,
        36.88876,
        27.63703,
        38.6971,
        25.97248,
        38.32883,
        30.30955,
        37.64071,
        30.94998,
        36.69656,
        29.89359,
        36.69656,
        29.89359
      ]
    },
    {
      "type": "shape",
      "background": "rgb(255,255,255)",
      "shadowColor": "#1ABC9C",
      "points": [
        36.55204,
        30.42179,
        37.32086,
        31.25443,
        36.40825,
        32.08634,
        32.85467,
        32.08634,
        32.10273,
        31.25443,
        32.99919,
        30.42179,
        36.55204,
        30.42179,
        36.55204,
        30.42179
      ]
    },
    {
      "type": "shape",
      "background": "rgb(255,255,255)",
      "shadowColor": "#1ABC9C",
      "points": [
        48.46904,
        25.65189,
        46.6607,
        27.33258,
        43.52307,
        27.33258,
        42.00304,
        25.65189,
        48.46904,
        25.65189,
        48.46904,
        25.65189
      ]
    },
    {
      "type": "shape",
      "background": "rgb(255,255,255)",
      "shadowColor": "#1ABC9C",
      "points": [
        47.49261,
        36.85623,
        41.02662,
        36.85623,
        42.83495,
        35.19169,
        45.97258,
        35.19169,
        47.49261,
        36.85623,
        47.49261,
        36.85623
      ]
    },
    {
      "type": "shape",
      "background": "rgb(255,255,255)",
      "shadowColor": "#1ABC9C",
      "points": [
        42.73885,
        32.61453,
        42.54665,
        34.87183,
        40.73831,
        36.53638,
        41.10658,
        32.19858,
        41.7947,
        31.57428,
        42.73885,
        32.61453,
        42.73885,
        32.61453
      ]
    },
    {
      "type": "shape",
      "background": "rgb(255,255,255)",
      "shadowColor": "#1ABC9C",
      "points": [
        41.28264,
        30.30955,
        41.65091,
        25.97248,
        43.17094,
        27.63703,
        42.97947,
        29.89359,
        41.84239,
        30.94998,
        41.28264,
        30.30955,
        41.28264,
        30.30955
      ]
    },
    {
      "type": "shape",
      "background": "rgb(255,255,255)",
      "shadowColor": "#1ABC9C",
      "points": [
        48.19687,
        32.19858,
        47.8286,
        36.53638,
        46.30857,
        34.87183,
        46.50077,
        32.61453,
        47.63713,
        31.57428,
        48.19687,
        32.19858,
        48.19687,
        32.19858
      ]
    },
    {
      "type": "shape",
      "background": "rgb(255,255,255)",
      "shadowColor": "#1ABC9C",
      "points": [
        46.74066,
        29.89359,
        46.93287,
        27.63703,
        48.7412,
        25.97248,
        48.37293,
        30.30955,
        47.68481,
        30.94998,
        46.74066,
        29.89359,
        46.74066,
        29.89359
      ]
    },
    {
      "type": "shape",
      "background": "rgb(255,255,255)",
      "shadowColor": "#1ABC9C",
      "points": [
        46.59614,
        30.42179,
        47.36496,
        31.25443,
        46.45236,
        32.08634,
        42.89878,
        32.08634,
        42.14683,
        31.25443,
        43.0433,
        30.42179,
        46.59614,
        30.42179,
        46.59614,
        30.42179
      ]
    },
    {
      "type": "shape",
      "background": "rgb(255,255,255)",
      "shadowColor": "#1ABC9C",
      "points": [
        58.26203,
        25.65189,
        56.4537,
        27.33258,
        53.31607,
        27.33258,
        51.79604,
        25.65189,
        58.26203,
        25.65189,
        58.26203,
        25.65189
      ]
    },
    {
      "type": "shape",
      "background": "rgb(255,255,255)",
      "shadowColor": "#1ABC9C",
      "points": [
        57.28561,
        36.85623,
        50.81961,
        36.85623,
        52.62795,
        35.19169,
        55.76558,
        35.19169,
        57.28561,
        36.85623,
        57.28561,
        36.85623
      ]
    },
    {
      "type": "shape",
      "background": "rgb(255,255,255)",
      "shadowColor": "#1ABC9C",
      "points": [
        52.53185,
        32.61453,
        52.33964,
        34.87183,
        50.53131,
        36.53638,
        50.89958,
        32.19858,
        51.5877,
        31.57428,
        52.53185,
        32.61453,
        52.53185,
        32.61453
      ]
    },
    {
      "type": "shape",
      "background": "rgb(255,255,255)",
      "shadowColor": "#1ABC9C",
      "points": [
        51.07564,
        30.30955,
        51.44391,
        25.97248,
        52.96394,
        27.63703,
        52.77247,
        29.89359,
        51.63538,
        30.94998,
        51.07564,
        30.30955,
        51.07564,
        30.30955
      ]
    },
    {
      "type": "shape",
      "background": "rgb(255,255,255)",
      "shadowColor": "#1ABC9C",
      "points": [
        57.98987,
        32.19858,
        57.6216,
        36.53638,
        56.10157,
        34.87183,
        56.29377,
        32.61453,
        57.43013,
        31.57428,
        57.98987,
        32.19858,
        57.98987,
        32.19858
      ]
    },
    {
      "type": "shape",
      "background": "rgb(255,255,255)",
      "shadowColor": "#1ABC9C",
      "points": [
        56.53366,
        29.89359,
        56.72587,
        27.63703,
        58.5342,
        25.97248,
        58.16593,
        30.30955,
        57.47781,
        30.94998,
        56.53366,
        29.89359,
        56.53366,
        29.89359
      ]
    },
    {
      "type": "shape",
      "background": "rgb(255,255,255)",
      "shadowColor": "#1ABC9C",
      "points": [
        56.38914,
        30.42179,
        57.15796,
        31.25443,
        56.24535,
        32.08634,
        52.69177,
        32.08634,
        51.93983,
        31.25443,
        52.83629,
        30.42179,
        56.38914,
        30.42179,
        56.38914,
        30.42179
      ]
    },
    {
      "type": "shape",
      "background": "rgb(255,255,255)",
      "shadowColor": "#1ABC9C",
      "points": [
        67.64242,
        25.65189,
        65.83409,
        27.33258,
        62.69646,
        27.33258,
        61.17643,
        25.65189,
        67.64242,
        25.65189,
        67.64242,
        25.65189
      ]
    },
    {
      "type": "shape",
      "background": "rgb(255,255,255)",
      "shadowColor": "#1ABC9C",
      "points": [
        66.666,
        36.85623,
        60.2,
        36.85623,
        62.00834,
        35.19169,
        65.14597,
        35.19169,
        66.666,
        36.85623,
        66.666,
        36.85623
      ]
    },
    {
      "type": "shape",
      "background": "rgb(255,255,255)",
      "shadowColor": "#1ABC9C",
      "points": [
        61.91224,
        32.61453,
        61.72003,
        34.87183,
        59.9117,
        36.53638,
        60.27997,
        32.19858,
        60.96809,
        31.57428,
        61.91224,
        32.61453,
        61.91224,
        32.61453
      ]
    },
    {
      "type": "shape",
      "background": "rgb(255,255,255)",
      "shadowColor": "#1ABC9C",
      "points": [
        60.45603,
        30.30955,
        60.8243,
        25.97248,
        62.34433,
        27.63703,
        62.15286,
        29.89359,
        61.01577,
        30.94998,
        60.45603,
        30.30955,
        60.45603,
        30.30955
      ]
    },
    {
      "type": "shape",
      "background": "rgb(255,255,255)",
      "shadowColor": "#1ABC9C",
      "points": [
        67.37026,
        32.19858,
        67.00199,
        36.53638,
        65.48196,
        34.87183,
        65.67416,
        32.61453,
        66.81052,
        31.57428,
        67.37026,
        32.19858,
        67.37026,
        32.19858
      ]
    },
    {
      "type": "shape",
      "background": "rgb(255,255,255)",
      "shadowColor": "#1ABC9C",
      "points": [
        65.91405,
        29.89359,
        66.10626,
        27.63703,
        67.91459,
        25.97248,
        67.54632,
        30.30955,
        66.8582,
        30.94998,
        65.91405,
        29.89359,
        65.91405,
        29.89359
      ]
    },
    {
      "type": "shape",
      "background": "rgb(255,255,255)",
      "shadowColor": "#1ABC9C",
      "points": [
        65.76953,
        30.42179,
        66.53835,
        31.25443,
        65.62574,
        32.08634,
        62.07216,
        32.08634,
        61.32022,
        31.25443,
        62.21668,
        30.42179,
        65.76953,
        30.42179,
        65.76953,
        30.42179
      ]
    },
    {
      "type": "shape",
      "background": "rgb(255,255,255)",
      "shadowColor": "#1ABC9C",
      "points": [
        79.1213,
        55.34986,
        78.54563,
        54.71302,
        79.23128,
        54.07675,
        81.86335,
        54.07675,
        83.02649,
        55.34986,
        79.1213,
        55.34986,
        79.1213,
        55.34986
      ]
    },
    {
      "type": "shape",
      "background": "rgb(255,255,255)",
      "shadowColor": "#1ABC9C",
      "points": [
        83.7733,
        46.78034,
        82.38965,
        48.0658,
        79.75758,
        48.0658,
        79.18246,
        47.41718,
        79.86811,
        46.78034,
        83.7733,
        46.78034,
        83.7733,
        46.78034
      ]
    },
    {
      "type": "shape",
      "background": "rgb(255,255,255)",
      "shadowColor": "#1ABC9C",
      "points": [
        79.34125,
        50.02456,
        78.47213,
        50.83253,
        78.04402,
        50.3427,
        78.21515,
        48.29866,
        78.91314,
        47.66181,
        79.48826,
        48.29866,
        79.34125,
        50.02456,
        79.34125,
        50.02456
      ]
    },
    {
      "type": "shape",
      "background": "rgb(255,255,255)",
      "shadowColor": "#1ABC9C",
      "points": [
        77.90935,
        51.7875,
        78.43565,
        51.31001,
        79.15778,
        52.10564,
        79.01077,
        53.83211,
        78.31334,
        54.46839,
        77.73766,
        53.83211,
        77.90935,
        51.7875,
        77.90935,
        51.7875
      ]
    },
    {
      "type": "shape",
      "background": "rgb(255,255,255)",
      "shadowColor": "#1ABC9C",
      "points": [
        78.46975,
        44.20797,
        77.81778,
        44.79294,
        77.1993,
        44.79294,
        76.67051,
        44.20797,
        77.31166,
        43.61218,
        77.93013,
        43.61218,
        78.46975,
        44.20797,
        78.46975,
        44.20797
      ]
    },
    {
      "type": "shape",
      "background": "rgb(255,255,255)",
      "shadowColor": "#1ABC9C",
      "points": [
        78.24503,
        46.7607,
        77.59307,
        47.35649,
        76.97459,
        47.35649,
        76.4458,
        46.7607,
        77.08695,
        46.17574,
        77.70542,
        46.17574,
        78.24503,
        46.7607,
        78.24503,
        46.7607
      ]
    },
    {
      "type": "shape",
      "background": "rgb(255,255,255)",
      "shadowColor": "#1ABC9C",
      "points": [
        75.79384,
        45.01765,
        76.42313,
        44.42186,
        76.96326,
        45.01765,
        76.87306,
        45.96236,
        76.24326,
        46.51331,
        75.70365,
        45.96236,
        75.79384,
        45.01765,
        75.79384,
        45.01765
      ]
    },
    {
      "type": "shape",
      "background": "rgb(255,255,255)",
      "shadowColor": "#1ABC9C",
      "points": [
        77.94147,
        45.96236,
        78.03115,
        45.01765,
        78.66095,
        44.42186,
        79.20108,
        45.01765,
        79.11089,
        45.96236,
        78.48108,
        46.51331,
        77.94147,
        45.96236,
        77.94147,
        45.96236
      ]
    },
    {
      "type": "shape",
      "background": "rgb(255,255,255)",
      "shadowColor": "#1ABC9C",
      "points": [
        44.53808,
        53.48095,
        43.88611,
        54.07675,
        43.26764,
        54.07675,
        42.73885,
        53.48095,
        43.38,
        52.89599,
        43.99846,
        52.89599,
        44.53808,
        53.48095,
        44.53808,
        53.48095
      ]
    },
    {
      "type": "shape",
      "background": "rgb(255,255,255)",
      "shadowColor": "#1ABC9C",
      "points": [
        57.26176,
        43.26404,
        55.45343,
        44.94473,
        52.3158,
        44.94473,
        50.79577,
        43.26404,
        57.26176,
        43.26404,
        57.26176,
        43.26404
      ]
    },
    {
      "type": "shape",
      "background": "rgb(255,255,255)",
      "shadowColor": "#1ABC9C",
      "points": [
        56.28534,
        54.46839,
        49.81935,
        54.46839,
        51.62768,
        52.80384,
        54.76531,
        52.80384,
        56.28534,
        54.46839,
        56.28534,
        54.46839
      ]
    },
    {
      "type": "shape",
      "background": "rgb(255,255,255)",
      "shadowColor": "#1ABC9C",
      "points": [
        51.53158,
        50.22669,
        51.33937,
        52.48399,
        49.53104,
        54.14854,
        49.89931,
        49.81073,
        50.58743,
        49.18643,
        51.53158,
        50.22669,
        51.53158,
        50.22669
      ]
    },
    {
      "type": "shape",
      "background": "rgb(255,255,255)",
      "shadowColor": "#1ABC9C",
      "points": [
        50.07537,
        47.9217,
        50.44364,
        43.58463,
        51.96367,
        45.24918,
        51.7722,
        47.50575,
        50.63511,
        48.56214,
        50.07537,
        47.9217,
        50.07537,
        47.9217
      ]
    },
    {
      "type": "shape",
      "background": "rgb(255,255,255)",
      "shadowColor": "#1ABC9C",
      "points": [
        56.9896,
        49.81073,
        56.62133,
        54.14854,
        55.1013,
        52.48399,
        55.2935,
        50.22669,
        56.42986,
        49.18643,
        56.9896,
        49.81073,
        56.9896,
        49.81073
      ]
    },
    {
      "type": "shape",
      "background": "rgb(255,255,255)",
      "shadowColor": "#1ABC9C",
      "points": [
        55.53339,
        47.50575,
        55.7256,
        45.24918,
        57.53393,
        43.58463,
        57.16566,
        47.9217,
        56.47754,
        48.56214,
        55.53339,
        47.50575,
        55.53339,
        47.50575
      ]
    },
    {
      "type": "shape",
      "background": "rgb(255,255,255)",
      "shadowColor": "#1ABC9C",
      "points": [
        55.38887,
        48.03394,
        56.15769,
        48.86658,
        55.24508,
        49.69849,
        51.6915,
        49.69849,
        50.93956,
        48.86658,
        51.83602,
        48.03394,
        55.38887,
        48.03394,
        55.38887,
        48.03394
      ]
    },
    {
      "type": "shape",
      "background": "rgb(255,255,255)",
      "shadowColor": "#1ABC9C",
      "points": [
        67.16228,
        43.26404,
        65.35394,
        44.94473,
        62.21632,
        44.94473,
        60.69629,
        43.26404,
        67.16228,
        43.26404,
        67.16228,
        43.26404
      ]
    },
    {
      "type": "shape",
      "background": "rgb(255,255,255)",
      "shadowColor": "#1ABC9C",
      "points": [
        66.18585,
        54.46839,
        59.71986,
        54.46839,
        61.5282,
        52.80384,
        64.66582,
        52.80384,
        66.18585,
        54.46839,
        66.18585,
        54.46839
      ]
    },
    {
      "type": "shape",
      "background": "rgb(255,255,255)",
      "shadowColor": "#1ABC9C",
      "points": [
        61.43209,
        50.22669,
        61.23989,
        52.48399,
        59.43155,
        54.14854,
        59.79982,
        49.81073,
        60.48794,
        49.18643,
        61.43209,
        50.22669,
        61.43209,
        50.22669
      ]
    },
    {
      "type": "shape",
      "background": "rgb(255,255,255)",
      "shadowColor": "#1ABC9C",
      "points": [
        59.97589,
        47.9217,
        60.34416,
        43.58463,
        61.86419,
        45.24918,
        61.67272,
        47.50575,
        60.53563,
        48.56214,
        59.97589,
        47.9217,
        59.97589,
        47.9217
      ]
    },
    {
      "type": "shape",
      "background": "rgb(255,255,255)",
      "shadowColor": "#1ABC9C",
      "points": [
        66.89011,
        49.81073,
        66.52184,
        54.14854,
        65.00181,
        52.48399,
        65.19402,
        50.22669,
        66.33037,
        49.18643,
        66.89011,
        49.81073,
        66.89011,
        49.81073
      ]
    },
    {
      "type": "shape",
      "background": "rgb(255,255,255)",
      "shadowColor": "#1ABC9C",
      "points": [
        65.43391,
        47.50575,
        65.62611,
        45.24918,
        67.43445,
        43.58463,
        67.06618,
        47.9217,
        66.37806,
        48.56214,
        65.43391,
        47.50575,
        65.43391,
        47.50575
      ]
    },
    {
      "type": "shape",
      "background": "rgb(255,255,255)",
      "shadowColor": "#1ABC9C",
      "points": [
        65.28939,
        48.03394,
        66.0582,
        48.86658,
        65.1456,
        49.69849,
        61.59202,
        49.69849,
        60.84007,
        48.86658,
        61.73654,
        48.03394,
        65.28939,
        48.03394,
        65.28939,
        48.03394
      ]
    },
    {
      "type": "shape",
      "background": "rgb(255,255,255)",
      "shadowColor": "#1ABC9C",
      "points": [
        38.42493,
        43.26404,
        36.6166,
        44.94473,
        33.47897,
        44.94473,
        31.95894,
        43.26404,
        38.42493,
        43.26404,
        38.42493,
        43.26404
      ]
    },
    {
      "type": "shape",
      "background": "rgb(255,255,255)",
      "shadowColor": "#1ABC9C",
      "points": [
        37.4485,
        54.46839,
        30.98251,
        54.46839,
        32.79085,
        52.80384,
        35.92848,
        52.80384,
        37.4485,
        54.46839,
        37.4485,
        54.46839
      ]
    },
    {
      "type": "shape",
      "background": "rgb(255,255,255)",
      "shadowColor": "#1ABC9C",
      "points": [
        32.69475,
        50.22669,
        32.50254,
        52.48399,
        30.69421,
        54.14854,
        31.06248,
        49.81073,
        31.7506,
        49.18643,
        32.69475,
        50.22669,
        32.69475,
        50.22669
      ]
    },
    {
      "type": "shape",
      "background": "rgb(255,255,255)",
      "shadowColor": "#1ABC9C",
      "points": [
        31.23854,
        47.9217,
        31.60681,
        43.58463,
        33.12684,
        45.24918,
        32.93537,
        47.50575,
        31.79828,
        48.56214,
        31.23854,
        47.9217,
        31.23854,
        47.9217
      ]
    },
    {
      "type": "shape",
      "background": "rgb(255,255,255)",
      "shadowColor": "#1ABC9C",
      "points": [
        38.15276,
        49.81073,
        37.7845,
        54.14854,
        36.26447,
        52.48399,
        36.45667,
        50.22669,
        37.59302,
        49.18643,
        38.15276,
        49.81073,
        38.15276,
        49.81073
      ]
    },
    {
      "type": "shape",
      "background": "rgb(255,255,255)",
      "shadowColor": "#1ABC9C",
      "points": [
        36.69656,
        47.50575,
        36.88876,
        45.24918,
        38.6971,
        43.58463,
        38.32883,
        47.9217,
        37.64071,
        48.56214,
        36.69656,
        47.50575,
        36.69656,
        47.50575
      ]
    },
    {
      "type": "shape",
      "background": "rgb(255,255,255)",
      "shadowColor": "#1ABC9C",
      "points": [
        36.55204,
        48.03394,
        37.32086,
        48.86658,
        36.40825,
        49.69849,
        32.85467,
        49.69849,
        32.10273,
        48.86658,
        32.99919,
        48.03394,
        36.55204,
        48.03394,
        36.55204,
        48.03394
      ]
    },
    {
      "type": "shape",
      "background": "rgb(255,255,255)",
      "shadowColor": "#1ABC9C",
      "points": [
        28.63193,
        43.26404,
        26.82359,
        44.94473,
        23.68596,
        44.94473,
        22.16594,
        43.26404,
        28.63193,
        43.26404,
        28.63193,
        43.26404
      ]
    },
    {
      "type": "shape",
      "background": "rgb(255,255,255)",
      "shadowColor": "#1ABC9C",
      "points": [
        27.6555,
        54.46839,
        21.18951,
        54.46839,
        22.99784,
        52.80384,
        26.13547,
        52.80384,
        27.6555,
        54.46839,
        27.6555,
        54.46839
      ]
    },
    {
      "type": "shape",
      "background": "rgb(255,255,255)",
      "shadowColor": "#1ABC9C",
      "points": [
        22.90174,
        50.22669,
        22.70954,
        52.48399,
        20.9012,
        54.14854,
        21.26947,
        49.81073,
        21.95759,
        49.18643,
        22.90174,
        50.22669,
        22.90174,
        50.22669
      ]
    },
    {
      "type": "shape",
      "background": "rgb(255,255,255)",
      "shadowColor": "#1ABC9C",
      "points": [
        21.44554,
        47.9217,
        21.81381,
        43.58463,
        23.33383,
        45.24918,
        23.14236,
        47.50575,
        22.00528,
        48.56214,
        21.44554,
        47.9217,
        21.44554,
        47.9217
      ]
    },
    {
      "type": "shape",
      "background": "rgb(255,255,255)",
      "shadowColor": "#1ABC9C",
      "points": [
        28.35976,
        49.81073,
        27.99149,
        54.14854,
        26.47146,
        52.48399,
        26.66367,
        50.22669,
        27.80002,
        49.18643,
        28.35976,
        49.81073,
        28.35976,
        49.81073
      ]
    },
    {
      "type": "shape",
      "background": "rgb(255,255,255)",
      "shadowColor": "#1ABC9C",
      "points": [
        26.90355,
        47.50575,
        27.09576,
        45.24918,
        28.90409,
        43.58463,
        28.53582,
        47.9217,
        27.8477,
        48.56214,
        26.90355,
        47.50575,
        26.90355,
        47.50575
      ]
    },
    {
      "type": "shape",
      "background": "rgb(255,255,255)",
      "shadowColor": "#1ABC9C",
      "points": [
        26.75903,
        48.03394,
        27.52785,
        48.86658,
        26.61525,
        49.69849,
        23.06167,
        49.69849,
        22.30972,
        48.86658,
        23.20619,
        48.03394,
        26.75903,
        48.03394,
        26.75903,
        48.03394
      ]
    }
  ]
}