{
  "background": "rgb(166,166,166)",
  "width": 100,
  "height": 100,
  "comps": [
    {
      "type": "shape",
      "background": "rgb(241,241,241)",
      "borderColor": "#979797",
      "shadowColor": "#1ABC9C",
      "points": [
        49.56522,
        46.56489,
        86.77337,
        27.07491,
        86.47807,
        68.12199,
        49.56522,
        89.38379,
        49.56522,
        45.97428
      ]
    },
    {
      "type": "shape",
      "background": "rgb(233,233,233)",
      "borderColor": "#979797",
      "shadowColor": "#1ABC9C",
      "points": [
        49.56522,
        46.56489,
        13.22663,
        27.07491,
        13.22663,
        68.12199,
        49.56522,
        89.38379,
        49.56522,
        45.97428
      ]
    },
    {
      "type": "shape",
      "background": "rgb(255,255,255)",
      "borderColor": "#979797",
      "shadowColor": "#1ABC9C",
      "points": [
        49.56522,
        46.56489,
        86.77337,
        27.07491,
        49.56522,
        5.18764,
        13.26,
        27.07491,
        49.56522,
        46.56489
      ]
    }
  ]
}