{
  "width": 69,
  "height": 36,
  "comps": [
    {
      "type": "shape",
      "background": "rgba(0,0,0,0.12)",
      "borderColor": "rgb(101,144,252)",
      "shadowColor": "#1ABC9C",
      "points": [
        18.06132,
        18,
        1.81737,
        34.34131,
        67.18263,
        34.34131,
        50.84131,
        18,
        18.06132,
        18
      ]
    },
    {
      "type": "shape",
      "background": "rgb(16,147,199)",
      "borderWidth": 1,
      "borderColor": "rgb(43,166,214)",
      "shadowColor": "#1ABC9C",
      "closePath": true,
      "points": [
        18.06132,
        11.03741,
        1.81737,
        27.37872,
        67.18263,
        27.37872,
        50.84131,
        11.03741,
        18.06132,
        11.03741
      ]
    },
    {
      "type": "shape",
      "background": "rgb(98,200,240)",
      "borderWidth": 1,
      "borderColor": "rgb(131,214,247)",
      "shadowColor": "#1ABC9C",
      "closePath": true,
      "points": [
        18.06132,
        1.65869,
        1.81737,
        18,
        67.18263,
        18,
        50.84131,
        1.65869,
        18.06132,
        1.65869
      ]
    },
    {
      "type": "shape",
      "background": "rgb(255,255,255)",
      "shadowColor": "#1ABC9C",
      "points": [
        45.22365,
        9.82772,
        45.40346,
        9.74106,
        45.53834,
        9.65439,
        45.69572,
        9.56773,
        49.39015,
        7.34634,
        46.99213,
        5.56155,
        40.63745,
        5.81512,
        40.40512,
        5.82797,
        40.14287,
        5.84401,
        39.87304,
        5.85365,
        39.78317,
        5.75413,
        39.67072,
        5.64822,
        39.57328,
        5.55512,
        36.97295,
        3.11866,
        32.05705,
        3.11866,
        29.47165,
        5.55512,
        29.35178,
        5.64822,
        29.26184,
        5.75413,
        29.15697,
        5.85365,
        28.90214,
        5.84401,
        28.64739,
        5.82797,
        28.38506,
        5.81512,
        22.02287,
        5.56155,
        19.60985,
        7.32709,
        23.34179,
        9.56773,
        23.48416,
        9.65439,
        23.64155,
        9.74106,
        23.80636,
        9.82772,
        23.64155,
        9.91763,
        23.49167,
        10.00751,
        23.34179,
        10.09096,
        19.7148,
        12.27382,
        22.16525,
        14.09714,
        28.38506,
        13.84035,
        28.64739,
        13.83393,
        28.90214,
        13.82429,
        29.15697,
        13.80825,
        29.26184,
        13.90774,
        29.35178,
        14.00726,
        29.47165,
        14.10678,
        32.04205,
        16.54003,
        36.97295,
        16.54003,
        39.57328,
        14.10678,
        39.67072,
        14.00726,
        39.78317,
        13.90774,
        39.87304,
        13.80825,
        40.14287,
        13.82107,
        40.40512,
        13.83393,
        40.63745,
        13.84035,
        46.85726,
        14.09714,
        49.31521,
        12.27061,
        45.69572,
        10.09418,
        45.53834,
        10.01072,
        45.39596,
        9.91763,
        45.22365,
        9.82772,
        45.22365,
        9.82772,
        45.22365,
        9.82772,
        40.77232,
        6.39938,
        40.77232,
        6.39938,
        45.95805,
        6.18749,
        47.59166,
        7.41375,
        44.5792,
        9.22746,
        44.31687,
        9.38154,
        43.44759,
        8.97064,
        42.3985,
        8.55975,
        41.21446,
        8.17456,
        41.01965,
        7.54537,
        40.71989,
        6.94829,
        40.34519,
        6.42184,
        40.77232,
        6.39938,
        40.77232,
        6.39938,
        40.77232,
        6.39938,
        43.43259,
        9.82772,
        43.43259,
        9.82772,
        42.84057,
        10.11021,
        42.16618,
        10.40234,
        41.40178,
        10.67198,
        41.48422,
        10.10703,
        41.48422,
        9.55166,
        41.40178,
        8.98989,
        42.16618,
        9.26599,
        42.84057,
        9.55487,
        43.43259,
        9.82772,
        43.43259,
        9.82772,
        43.43259,
        9.82772,
        39.65572,
        7.68982,
        39.65572,
        7.68982,
        38.56162,
        7.39129,
        37.42259,
        7.10237,
        36.25356,
        6.85199,
        37.19027,
        6.71715,
        38.09705,
        6.6016,
        38.98133,
        6.51815,
        39.25109,
        6.89052,
        39.48341,
        7.27252,
        39.65572,
        7.68982,
        39.65572,
        7.68982,
        39.65572,
        7.68982,
        30.6932,
        5.79908,
        30.6932,
        5.79908,
        32.81388,
        3.82166,
        36.21612,
        3.82166,
        38.32188,
        5.79908,
        38.38181,
        5.85043,
        38.44175,
        5.90821,
        38.48668,
        5.97242,
        37.22778,
        6.088,
        35.87885,
        6.27097,
        34.515,
        6.51815,
        33.13615,
        6.27097,
        31.80223,
        6.088,
        30.52832,
        5.96602,
        30.6932,
        5.79908,
        30.6932,
        5.79908,
        30.6932,
        5.79908,
        30.05617,
        6.51815,
        30.05617,
        6.51815,
        30.91802,
        6.59839,
        31.83974,
        6.71715,
        32.78395,
        6.85199,
        31.59991,
        7.10237,
        30.46088,
        7.39129,
        29.36678,
        7.68982,
        29.53917,
        7.27252,
        29.77142,
        6.89052,
        30.05617,
        6.51815,
        30.05617,
        6.51815,
        30.05617,
        6.51815,
        28.26518,
        13.26252,
        28.26518,
        13.26252,
        23.21441,
        13.47117,
        21.51329,
        12.20641,
        24.44338,
        10.43444,
        24.52583,
        10.38949,
        24.61569,
        10.33814,
        24.70564,
        10.28357,
        25.58992,
        10.69447,
        26.62408,
        11.10215,
        27.80054,
        11.49056,
        28.00293,
        12.11974,
        28.30269,
        12.7104,
        28.69232,
        13.24327,
        28.26518,
        13.26252,
        28.26518,
        13.26252,
        28.26518,
        13.26252,
        25.58992,
        9.82772,
        25.58992,
        9.82772,
        26.18944,
        9.55166,
        26.86383,
        9.26277,
        27.62823,
        8.98989,
        27.53829,
        9.55166,
        27.53829,
        10.11021,
        27.62823,
        10.66876,
        26.86383,
        10.40234,
        26.18944,
        10.11021,
        25.58992,
        9.82772,
        25.58992,
        9.82772,
        25.58992,
        9.82772,
        27.79311,
        8.17456,
        27.79311,
        8.17456,
        26.61658,
        8.55975,
        25.58242,
        8.97064,
        24.69814,
        9.38154,
        24.43588,
        9.22746,
        21.42335,
        7.41054,
        23.07203,
        6.18749,
        28.25768,
        6.39938,
        28.67732,
        6.42184,
        28.30269,
        6.94508,
        28.00293,
        7.54216,
        27.79311,
        8.17456,
        27.79311,
        8.17456,
        27.79311,
        8.17456,
        29.36678,
        11.96887,
        29.36678,
        11.96887,
        30.46088,
        12.27704,
        31.59991,
        12.55953,
        32.78395,
        12.80991,
        31.83974,
        12.94793,
        30.91802,
        13.0667,
        30.05617,
        13.14375,
        29.77142,
        12.78103,
        29.53917,
        12.38616,
        29.36678,
        11.96887,
        29.36678,
        11.96887,
        29.36678,
        11.96887,
        38.32938,
        13.86603,
        38.32938,
        13.86603,
        36.21612,
        15.84664,
        32.81388,
        15.84664,
        30.7007,
        13.86603,
        30.53582,
        13.69588,
        31.80973,
        13.57711,
        33.14365,
        13.39414,
        34.5225,
        13.15018,
        35.88636,
        13.39414,
        37.23528,
        13.57711,
        38.49419,
        13.69588,
        38.44925,
        13.75044,
        38.38181,
        13.81786,
        38.32938,
        13.86603,
        38.32938,
        13.86603,
        38.32938,
        13.86603,
        38.96633,
        13.14375,
        38.96633,
        13.14375,
        38.09705,
        13.0667,
        37.19027,
        12.94793,
        36.25356,
        12.80991,
        37.42259,
        12.55953,
        38.56162,
        12.27704,
        39.65572,
        11.96887,
        39.48341,
        12.38616,
        39.25109,
        12.78103,
        38.96633,
        13.14375,
        38.96633,
        13.14375,
        38.96633,
        13.14375,
        39.91805,
        11.17275,
        39.91805,
        11.17275,
        38.25444,
        11.69599,
        36.41094,
        12.14863,
        34.515,
        12.51136,
        32.59656,
        12.14863,
        30.78307,
        11.69599,
        29.08953,
        11.17275,
        28.87971,
        10.28679,
        28.86471,
        9.38154,
        29.08953,
        8.49554,
        30.77564,
        7.96909,
        32.59656,
        7.51327,
        34.515,
        7.15372,
        36.40344,
        7.51648,
        38.24694,
        7.97231,
        39.91805,
        8.49233,
        40.15037,
        9.38154,
        40.15037,
        10.28357,
        39.91805,
        11.17275,
        39.91805,
        11.17275,
        39.91805,
        11.17275,
        40.77232,
        13.26252,
        40.77232,
        13.26252,
        40.35269,
        13.24649,
        40.72739,
        12.71361,
        41.02707,
        12.12295,
        41.22196,
        11.49377,
        42.40593,
        11.10534,
        43.45509,
        10.69768,
        44.32437,
        10.28679,
        44.58662,
        10.44087,
        47.51672,
        12.20319,
        45.8231,
        13.47117,
        40.77232,
        13.26252,
        40.77232,
        13.26252,
        40.77232,
        13.26252,
        34.5225,
        10.65273,
        34.5225,
        10.65273,
        33.45841,
        10.65273,
        32.60407,
        10.27715,
        32.60407,
        9.82772,
        32.60407,
        9.38475,
        33.45841,
        9.01239,
        34.5225,
        9.01239,
        35.56417,
        9.01239,
        36.44094,
        9.38475,
        36.44094,
        9.82772,
        36.43344,
        10.28357,
        35.56417,
        10.65273,
        34.5225,
        10.65273,
        34.5225,
        10.65273,
        34.5225,
        10.65273
      ],
      "segments": [
        1,
        4,
        4,
        4,
        4,
        4,
        4,
        4,
        4,
        4,
        4,
        4,
        4,
        4,
        4,
        4,
        4,
        4,
        4,
        2,
        2,
        1,
        2,
        4,
        2,
        4,
        4,
        2,
        2,
        2,
        1,
        2,
        4,
        4,
        4,
        2,
        2,
        1,
        2,
        4,
        4,
        4,
        2,
        2,
        1,
        2,
        4,
        4,
        4,
        4,
        2,
        2,
        2,
        1,
        2,
        4,
        4,
        4,
        2,
        2,
        1,
        2,
        4,
        4,
        4,
        4,
        2,
        2,
        2,
        1,
        2,
        4,
        4,
        4,
        2,
        2,
        1,
        2,
        4,
        2,
        4,
        2,
        4,
        2,
        2,
        1,
        2,
        4,
        4,
        4,
        2,
        2,
        1,
        2,
        4,
        2,
        4,
        4,
        4,
        2,
        2,
        1,
        2,
        4,
        4,
        4,
        2,
        2,
        1,
        2,
        4,
        4,
        4,
        4,
        4,
        4,
        2,
        2,
        1,
        2,
        2,
        4,
        4,
        2,
        4,
        2,
        2,
        1,
        2,
        4,
        4,
        4,
        4,
        2,
        2
      ]
    },
    {
      "type": "oval",
      "background": "rgb(16,147,199)",
      "borderWidth": 1,
      "borderColor": "rgba(255,255,255,0.76)",
      "shadowColor": "#1ABC9C",
      "rect": [
        41.72813,
        12.69959,
        18.62148,
        18.81053
      ]
    },
    {
      "type": "shape",
      "background": "rgb(255,255,255)",
      "shadowColor": "#1ABC9C",
      "points": [
        50.06689,
        16.47662,
        50.06689,
        15.92881,
        50.49654,
        15.48852,
        51.03349,
        15.48852,
        51.59206,
        15.48852,
        52.0217,
        15.92881,
        52.0217,
        16.47662,
        52.0217,
        25.25195,
        53.56838,
        23.71603,
        53.95502,
        23.30789,
        54.58874,
        23.30789,
        54.96474,
        23.71603,
        55.35138,
        24.08117,
        55.35138,
        24.70414,
        54.96474,
        25.09078,
        51.73172,
        28.32379,
        51.35573,
        28.72129,
        50.73276,
        28.72129,
        50.34612,
        28.32379,
        47.12386,
        25.09078,
        46.72647,
        24.70414,
        46.72647,
        24.08117,
        47.12386,
        23.71603,
        47.489,
        23.30789,
        48.11207,
        23.30789,
        48.52022,
        23.71603,
        50.05614,
        25.25195,
        50.06689,
        16.47662,
        50.06689,
        16.47662,
        50.06689,
        16.47662
      ],
      "segments": [
        1,
        4,
        4,
        2,
        2,
        4,
        4,
        2,
        4,
        2,
        4,
        4,
        2,
        2,
        2,
        2
      ]
    }
  ]
}