{
  "width": 100,
  "height": 100,
  "comps": [
    {
      "type": "shape",
      "background": "#929395",
      "shadowColor": "#1ABC9C",
      "points": [
        -4.36167,
        95.67842,
        -4.36771,
        95.60294,
        -4.37173,
        95.55162,
        -4.37173,
        95.55162,
        -4.38381,
        95.54055,
        -4.37978,
        95.58885,
        -4.36167,
        95.63313,
        -4.36167,
        95.67842
      ],
      "segments": [
        1,
        4,
        2,
        4
      ]
    },
    {
      "type": "shape",
      "background": "rgb(255,205,23)",
      "shadowColor": "#1ABC9C",
      "points": [
        57.22071,
        41.05069,
        42.77929,
        55.66266,
        48.61055,
        55.94563,
        42.77929,
        68.0734,
        56.28974,
        53.40311,
        50.44253,
        53.1613,
        57.22071,
        41.05069,
        57.22071,
        41.05069
      ]
    },
    {
      "type": "triangle",
      "borderWidth": 3,
      "borderColor": "rgb(255,205,23)",
      "rect": [
        23.34271,
        30.20992,
        53.31458,
        39.58015
      ]
    }
  ]
}