{
  "background": "rgb(138,138,138)",
  "width": 30,
  "height": 42,
  "comps": [
    {
      "type": "shape",
      "background": "rgb(255,255,255)",
      "borderColor": "rgb(247,247,247)",
      "shadowColor": "#1ABC9C",
      "closePath": true,
      "points": [
        0,
        0,
        1.8149,
        18.46988,
        5.70399,
        15.18072,
        5.70399,
        15.18072,
        4.86177,
        21.24324,
        8.9318,
        24.0479,
        13.00184,
        26.85257,
        18.18901,
        21.91136,
        21.98414,
        26.39938,
        25.77926,
        30.88741,
        24.11231,
        42,
        24.11231,
        42,
        27.74212,
        40.22892,
        27.74212,
        40.22892,
        30,
        29.09743,
        26.20105,
        24.0479,
        22.40209,
        18.99837,
        16.43902,
        23.13313,
        12.5463,
        20.03079,
        8.65357,
        16.92845,
        10.63016,
        11.63855,
        10.63016,
        11.63855,
        15.03778,
        8.85542,
        0,
        0
      ],
      "segments": [
        1,
        2,
        2,
        4,
        4,
        4,
        2,
        4,
        4,
        4,
        2,
        2
      ]
    },
    {
      "type": "shape",
      "background": "rgba(0,0,0,0.00)",
      "borderColor": "rgb(247,247,247)",
      "gradient": "radial.center",
      "gradientColor": "rgba(0,0,0,0.2)",
      "shadowColor": "#1ABC9C",
      "closePath": true,
      "points": [
        8.9318,
        24.0479,
        12.56925,
        26.55447,
        17.09899,
        22.87422,
        20.72987,
        25.26728,
        21.31146,
        22.77206,
        23.6268,
        20.641,
        26.20105,
        24.0479,
        22.40209,
        18.99837,
        16.43902,
        23.13313,
        12.5463,
        20.03079,
        7.39267,
        18.70199,
        8.9318,
        24.0479,
        8.9318,
        24.0479
      ],
      "segments": [
        1,
        4,
        4,
        4,
        4
      ]
    }
  ]
}