{
  "width": 100,
  "height": 100,
  "comps": [
    {
      "type": "shape",
      "background": "rgb(145,146,148)",
      "shadowColor": "#1ABC9C",
      "points": [
        9.09029,
        52.97148,
        6.11532,
        51.26277,
        5.968,
        25.1776,
        8.98987,
        26.89588
      ]
    },
    {
      "type": "shape",
      "background": "rgb(194,194,194)",
      "shadowColor": "#1ABC9C",
      "points": [
        12.93289,
        24.69389,
        12.93289,
        47.28281,
        9.16079,
        49.46035,
        9.09029,
        26.91221,
        12.93289,
        24.69389
      ]
    },
    {
      "type": "shape",
      "background": "rgb(230,230,230)",
      "shadowColor": "#1ABC9C",
      "points": [
        12.99915,
        24.66962,
        9.05594,
        26.94617,
        5.968,
        25.17219,
        9.91122,
        22.89556,
        12.99915,
        24.66962
      ]
    },
    {
      "type": "shape",
      "background": "rgb(145,146,148)",
      "shadowColor": "#1ABC9C",
      "points": [
        44.40982,
        78.5117,
        44.04776,
        87.67161,
        1.13104,
        63.02192,
        1.13104,
        53.90275,
        44.40982,
        78.5117
      ]
    },
    {
      "type": "shape",
      "background": "rgb(230,230,230)",
      "shadowColor": "#1ABC9C",
      "points": [
        98.80008,
        46.88119,
        44.02521,
        78.5045,
        1.13104,
        53.86231,
        55.90589,
        22.23788,
        98.80008,
        46.88119
      ]
    },
    {
      "type": "shape",
      "background": "rgb(194,194,194)",
      "shadowColor": "#1ABC9C",
      "points": [
        98.86896,
        55.99941,
        44.00412,
        87.67161,
        44.00412,
        78.45231,
        98.86896,
        46.779,
        98.86896,
        55.99941
      ]
    },
    {
      "type": "shape",
      "background": "rgb(147,150,150)",
      "shadowColor": "#1ABC9C",
      "points": [
        84.06029,
        61.1688,
        49.96555,
        80.85257,
        49.96555,
        77.11049,
        84.06029,
        57.42562,
        84.06029,
        58.16205
      ]
    },
    {
      "type": "shape",
      "background": "rgb(147,150,150)",
      "shadowColor": "#1ABC9C",
      "points": [
        84.06029,
        63.23267,
        49.96555,
        82.91642,
        49.96555,
        82.18332,
        84.06029,
        62.49734,
        84.06029,
        63.23267
      ]
    },
    {
      "type": "shape",
      "background": "#00ff00",
      "shadowColor": "#1ABC9C",
      "points": [
        86.90241,
        56.19781,
        86.90241,
        56.59172,
        86.6284,
        57.06748,
        86.28776,
        57.26539,
        85.94712,
        57.46139,
        85.67119,
        57.30154,
        85.67119,
        56.90953,
        85.67119,
        56.51562,
        85.94712,
        56.03986,
        86.28776,
        55.84195,
        86.6284,
        55.64595,
        86.90241,
        55.8039,
        86.90241,
        56.19781
      ],
      "segments": [
        1,
        4,
        4,
        4,
        4
      ]
    },
    {
      "type": "shape",
      "background": "#00ff00",
      "shadowColor": "#1ABC9C",
      "points": [
        86.90241,
        57.69996,
        86.90241,
        58.09387,
        86.6284,
        58.56961,
        86.28776,
        58.76753,
        85.94712,
        58.96164,
        85.67119,
        58.80368,
        85.67119,
        58.41166,
        85.67119,
        58.01775,
        85.94712,
        57.54202,
        86.28776,
        57.346,
        86.6284,
        57.14809,
        86.90241,
        57.30605,
        86.90241,
        57.69996
      ],
      "segments": [
        1,
        4,
        4,
        4,
        4
      ]
    },
    {
      "type": "shape",
      "background": "#00ff00",
      "shadowColor": "#1ABC9C",
      "points": [
        86.90241,
        59.2017,
        86.90241,
        59.59371,
        86.6284,
        60.06946,
        86.28776,
        60.26738,
        85.94712,
        60.46337,
        85.67119,
        60.30543,
        85.67119,
        59.91342,
        85.67119,
        59.51951,
        85.94712,
        59.04375,
        86.28776,
        58.84776,
        86.6284,
        58.64984,
        86.90241,
        58.80779,
        86.90241,
        59.2017
      ],
      "segments": [
        1,
        4,
        4,
        4,
        4
      ]
    },
    {
      "type": "shape",
      "background": "#00ff00",
      "shadowColor": "#1ABC9C",
      "points": [
        86.90241,
        60.70305,
        86.90241,
        61.09506,
        86.6284,
        61.57082,
        86.28776,
        61.76681,
        85.94712,
        61.96473,
        85.67119,
        61.80679,
        85.67119,
        61.41286,
        85.67119,
        61.02084,
        85.94712,
        60.54321,
        86.28776,
        60.34719,
        86.6284,
        60.1531,
        86.90241,
        60.31104,
        86.90241,
        60.70305
      ],
      "segments": [
        1,
        4,
        4,
        4,
        4
      ]
    },
    {
      "type": "arc",
      "borderWidth": 8,
      "borderColor": "rgb(0,153,255)",
      "arcFrom": 3.90954,
      "arcTo": 5.4978,
      "arcClose": false,
      "rect": [
        4.11373,
        4.60841,
        97.90235,
        91.52557
      ]
    },
    {
      "type": "arc",
      "borderWidth": 8,
      "borderColor": "rgb(0,153,255)",
      "arcFrom": 3.90954,
      "arcTo": 5.4978,
      "arcClose": false,
      "rect": [
        22.33602,
        25.09789,
        61.45777,
        57.45478
      ]
    },
    {
      "type": "arc",
      "borderWidth": 8,
      "borderColor": "rgb(0,153,255)",
      "arcFrom": 3.90954,
      "arcTo": 5.4978,
      "arcClose": false,
      "rect": [
        46.28491,
        46.57628,
        13.55998,
        12.67676
      ]
    }
  ]
}