{
  "width": 100,
  "height": 100,
  "comps": [
    {
      "type": "shape",
      "background": "rgb(16,147,199)",
      "borderColor": "rgb(4,104,204)",
      "points": [
        4.19097,
        43.67551,
        4.19097,
        43.67551,
        4.19097,
        51.31809,
        4.19097,
        60.15944,
        4.19097,
        64.90084,
        18.43017,
        77.89822,
        50.03057,
        77.89822,
        81.631,
        77.89822,
        95.80903,
        65.41242,
        95.80903,
        60.15944,
        95.80903,
        55.44589,
        95.80903,
        43.67551,
        95.80903,
        43.67551
      ],
      "segments": [
        1,
        4,
        4,
        4,
        4
      ]
    },
    {
      "type": "oval",
      "background": "rgb(98,200,240)",
      "borderColor": "rgb(97,174,250)",
      "shadowColor": "#1ABC9C",
      "rect": [
        4.19097,
        22.10178,
        91.61803,
        44.16512
      ]
    },
    {
      "type": "oval",
      "background": "rgba(255,255,255,0.2)",
      "borderColor": "rgb(97,174,250)",
      "shadowColor": "#1ABC9C",
      "rect": [
        14.09605,
        22.10178,
        71.80787,
        24.63461
      ]
    },
    {
      "type": "shape",
      "background": "rgb(255,255,255)",
      "borderWidth": 1,
      "borderColor": "rgb(255,255,255)",
      "fillRule": "evenodd",
      "shadowColor": "#1ABC9C",
      "closePath": true,
      "points": [
        43.45585,
        32.61571,
        46.72794,
        32.61571,
        48.25881,
        38.03343,
        51.40139,
        38.03343,
        53.27206,
        32.61571,
        56.54415,
        32.61571,
        50,
        29.00389,
        43.45585,
        32.61571
      ]
    },
    {
      "type": "shape",
      "background": "rgb(255,255,255)",
      "borderWidth": 1,
      "borderColor": "rgb(255,255,255)",
      "fillRule": "evenodd",
      "shadowColor": "#1ABC9C",
      "rotation": 3.14159,
      "closePath": true,
      "points": [
        43.45585,
        52.84855,
        46.72794,
        52.84855,
        48.25881,
        60.38499,
        51.40139,
        60.38499,
        53.27206,
        52.84855,
        56.54415,
        52.84855,
        50,
        47.82425,
        43.45585,
        52.84855
      ]
    },
    {
      "type": "shape",
      "background": "rgb(255,255,255)",
      "borderWidth": 1,
      "borderColor": "rgb(255,255,255)",
      "fillRule": "evenodd",
      "shadowColor": "#1ABC9C",
      "rotation": 4.71239,
      "closePath": true,
      "points": [
        64.73117,
        40.74894,
        66.90691,
        40.74894,
        67.92484,
        50.56517,
        70.01449,
        50.56517,
        71.25838,
        40.74894,
        73.43413,
        40.74894,
        69.08264,
        34.20479,
        64.73117,
        40.74894
      ]
    },
    {
      "type": "shape",
      "background": "rgb(255,255,255)",
      "borderWidth": 1,
      "borderColor": "rgb(255,255,255)",
      "fillRule": "evenodd",
      "shadowColor": "#1ABC9C",
      "rotation": 1.5708,
      "closePath": true,
      "points": [
        26.56587,
        40.7489,
        28.74161,
        40.7489,
        29.75954,
        50.56513,
        31.8492,
        50.56513,
        33.09308,
        40.7489,
        35.26883,
        40.7489,
        30.91736,
        34.20475,
        26.56587,
        40.7489
      ]
    }
  ]
}