{
  "gridAngle": 2.0944,
  "gridRotation": 0.5236,
  "width": 100,
  "height": 100,
  "comps": [
    {
      "type": "shape",
      "background": "rgba(0,0,0,0.6)",
      "gradient": "linear.east",
      "gradientColor": "rgba(0,0,0,0.00)",
      "shadowColor": "#1ABC9C",
      "points": [
        90.93267,
        76.5,
        42.78582,
        97,
        18.18653,
        82.5,
        57.15768,
        57,
        90.93267,
        60.5
      ]
    },
    {
      "type": "shape",
      "background": "rgb(98,200,240)",
      "shadowColor": "#1ABC9C",
      "points": [
        82.461,
        14.79857,
        44.05687,
        37.16195,
        19.80851,
        22.95538,
        58.03685,
        0.70043,
        82.461,
        14.79857,
        82.461,
        14.79857
      ]
    },
    {
      "type": "shape",
      "background": "rgb(16,147,199)",
      "shadowColor": "#1ABC9C",
      "points": [
        42.76875,
        96.89871,
        18.19206,
        82.7104,
        18.19206,
        25.59308,
        42.76875,
        39.522,
        42.76875,
        96.89871,
        42.76875,
        96.89871
      ]
    },
    {
      "type": "shape",
      "background": "rgb(15,114,153)",
      "shadowColor": "#1ABC9C",
      "points": [
        82.44672,
        73.76174,
        42.75072,
        96.89871,
        42.75072,
        37.92953,
        82.44672,
        14.79407,
        82.44672,
        73.76174,
        82.44672,
        73.76174
      ]
    },
    {
      "type": "shape",
      "background": "rgb(255,255,255)",
      "shadowColor": "#1ABC9C",
      "points": [
        41.25915,
        46.46265,
        41.25915,
        47.27193,
        40.68882,
        47.5958,
        39.98624,
        47.18777,
        39.28366,
        46.78351,
        38.71108,
        45.79915,
        38.71108,
        44.99363,
        38.71108,
        44.18736,
        39.28366,
        43.86049,
        39.98624,
        44.26776,
        40.68882,
        44.67277,
        41.25915,
        45.65488,
        41.25915,
        46.46265
      ],
      "segments": [
        1,
        4,
        4,
        4,
        4
      ]
    },
    {
      "type": "shape",
      "background": "rgb(67,188,240)",
      "borderColor": "#979797",
      "points": [
        19.78653,
        22.87616,
        44.3432,
        37.08877,
        42.8583,
        39.63431,
        18.18653,
        25.63957,
        19.78653,
        22.87616
      ]
    },
    {
      "type": "shape",
      "background": "rgb(255,255,255)",
      "shadowColor": "#1ABC9C",
      "points": [
        21.08255,
        39.76411,
        21.08255,
        40.57339,
        20.51222,
        40.89726,
        19.80964,
        40.48923,
        19.10706,
        40.08497,
        18.53448,
        39.10061,
        18.53448,
        38.29509,
        18.53448,
        37.48882,
        19.10706,
        37.16195,
        19.80964,
        37.56922,
        20.51222,
        37.97423,
        21.08255,
        38.95634,
        21.08255,
        39.76411
      ],
      "segments": [
        1,
        4,
        4,
        4,
        4
      ]
    },
    {
      "type": "shape",
      "background": "rgb(255,255,255)",
      "shadowColor": "#1ABC9C",
      "points": [
        41.25915,
        51.40173,
        41.25915,
        52.21101,
        40.68882,
        52.53488,
        39.98624,
        52.12685,
        39.28366,
        51.72259,
        38.71108,
        50.73823,
        38.71108,
        49.93271,
        38.71108,
        49.12644,
        39.28366,
        48.79957,
        39.98624,
        49.20684,
        40.68882,
        49.61185,
        41.25915,
        50.59396,
        41.25915,
        51.40173
      ],
      "segments": [
        1,
        4,
        4,
        4,
        4
      ]
    },
    {
      "type": "shape",
      "background": "rgb(255,255,255)",
      "borderColor": "#979797",
      "points": [
        19.58353,
        37.4498,
        39.96653,
        49.23957,
        40.15006,
        52.21957,
        19.98253,
        40.56857,
        19.35616,
        37.4498
      ]
    },
    {
      "type": "shape",
      "background": "rgb(100,179,232)",
      "shadowColor": "#1ABC9C",
      "points": [
        21.08255,
        47.13527,
        21.08255,
        47.94455,
        20.51222,
        48.26842,
        19.80964,
        47.86039,
        19.10706,
        47.45613,
        18.53448,
        46.47177,
        18.53448,
        45.66625,
        18.53448,
        44.85998,
        19.10706,
        44.53311,
        19.80964,
        44.94038,
        20.51222,
        45.34539,
        21.08255,
        46.3275,
        21.08255,
        47.13527
      ],
      "segments": [
        1,
        4,
        4,
        4,
        4
      ]
    },
    {
      "type": "shape",
      "background": "rgb(100,179,232)",
      "shadowColor": "#1ABC9C",
      "points": [
        41.25915,
        58.77288,
        41.25915,
        59.58216,
        40.68882,
        59.90603,
        39.98624,
        59.498,
        39.28366,
        59.09374,
        38.71108,
        58.10938,
        38.71108,
        57.30386,
        38.71108,
        56.49759,
        39.28366,
        56.17072,
        39.98624,
        56.57799,
        40.68882,
        56.983,
        41.25915,
        57.96511,
        41.25915,
        58.77288
      ],
      "segments": [
        1,
        4,
        4,
        4,
        4
      ]
    },
    {
      "type": "shape",
      "background": "rgb(100,179,232)",
      "borderColor": "#979797",
      "points": [
        19.58353,
        44.82096,
        39.96653,
        56.61072,
        40.15006,
        59.59072,
        19.98253,
        47.93972,
        19.35616,
        44.82096
      ]
    },
    {
      "type": "shape",
      "background": "rgb(100,179,232)",
      "shadowColor": "#1ABC9C",
      "points": [
        21.08255,
        54.50642,
        21.08255,
        55.3157,
        20.51222,
        55.63957,
        19.80964,
        55.23154,
        19.10706,
        54.82728,
        18.53448,
        53.84292,
        18.53448,
        53.0374,
        18.53448,
        52.23113,
        19.10706,
        51.90426,
        19.80964,
        52.31153,
        20.51222,
        52.71654,
        21.08255,
        53.69865,
        21.08255,
        54.50642
      ],
      "segments": [
        1,
        4,
        4,
        4,
        4
      ]
    },
    {
      "type": "shape",
      "background": "rgb(100,179,232)",
      "shadowColor": "#1ABC9C",
      "points": [
        41.25915,
        66.14404,
        41.25915,
        66.95332,
        40.68882,
        67.27719,
        39.98624,
        66.86916,
        39.28366,
        66.4649,
        38.71108,
        65.48054,
        38.71108,
        64.67502,
        38.71108,
        63.86875,
        39.28366,
        63.54188,
        39.98624,
        63.94915,
        40.68882,
        64.35416,
        41.25915,
        65.33627,
        41.25915,
        66.14404
      ],
      "segments": [
        1,
        4,
        4,
        4,
        4
      ]
    },
    {
      "type": "shape",
      "background": "rgb(100,179,232)",
      "borderColor": "#979797",
      "points": [
        19.58353,
        52.19211,
        39.96653,
        63.98188,
        40.15006,
        66.96188,
        19.98253,
        55.31088,
        19.35616,
        52.19211
      ]
    }
  ]
}