{
  "background": "rgb(0,0,0)",
  "width": 120,
  "height": 100,
  "comps": [
    {
      "type": "text",
      "text": "轴侧机房",
      "align": "right",
      "color": "rgb(255,255,255)",
      "rect": [
        27.59398,
        30.46974,
        64.81203,
        24.73684
      ]
    },
    {
      "type": "text",
      "text": "HT-DEMO",
      "align": "right",
      "color": "rgb(255,255,255)",
      "rect": [
        27.59399,
        44.79342,
        64.81203,
        24.73684
      ]
    }
  ]
}