{
  "width": 100,
  "height": 100,
  "comps": [
    {
      "type": "shape",
      "background": "rgb(15,114,153)",
      "shadowColor": "#1ABC9C",
      "scaleX": -1,
      "points": [
        98.86894,
        77.24646,
        98.50664,
        86.41283,
        55.55966,
        61.74576,
        55.55966,
        52.62015,
        98.86894,
        77.24646
      ]
    },
    {
      "type": "shape",
      "background": "rgb(98,200,240)",
      "shadowColor": "#1ABC9C",
      "scaleX": -1,
      "points": [
        98.86896,
        45.59364,
        44.05546,
        77.23925,
        1.13104,
        52.57968,
        55.94452,
        20.93295,
        98.86896,
        45.59364
      ]
    },
    {
      "type": "shape",
      "background": "rgb(16,147,199)",
      "shadowColor": "#1ABC9C",
      "scaleX": -1,
      "points": [
        56.03457,
        54.71829,
        1.13104,
        86.41283,
        1.13104,
        77.18702,
        56.03457,
        45.4914,
        56.03457,
        54.71829
      ]
    },
    {
      "type": "shape",
      "background": "rgba(255,255,255,0.2)",
      "shadowColor": "#1ABC9C",
      "scaleX": -1,
      "points": [
        30.89046,
        66.57101,
        6.65212,
        52.58597,
        61.36141,
        20.93297,
        98.76474,
        42.4217
      ]
    },
    {
      "type": "shape",
      "background": "rgb(255,255,255)",
      "borderWidth": 1,
      "borderColor": "rgb(255,255,255)",
      "fillRule": "evenodd",
      "shadowColor": "#1ABC9C",
      "rotation": 5.23599,
      "points": [
        23.69354,
        44.36277,
        23.3573,
        53.47392,
        26.46646,
        55.23226,
        27.02762,
        45.49771,
        30.35317,
        47.08702,
        25.65059,
        38.94193,
        19.73206,
        42.35897,
        23.69354,
        44.36277,
        23.69354,
        44.36277
      ]
    },
    {
      "type": "shape",
      "background": "rgb(255,255,255)",
      "borderWidth": 1,
      "borderColor": "rgb(255,255,255)",
      "fillRule": "evenodd",
      "shadowColor": "#1ABC9C",
      "rotation": 5.23599,
      "points": [
        43.52364,
        34.09538,
        43.18741,
        43.20654,
        46.29657,
        44.96489,
        46.85772,
        35.23036,
        50.18328,
        36.81966,
        45.48069,
        28.67454,
        39.56215,
        32.09159,
        43.52364,
        34.09538,
        43.52364,
        34.09538
      ]
    },
    {
      "type": "shape",
      "background": "rgb(255,255,255)",
      "borderWidth": 1,
      "borderColor": "rgb(255,255,255)",
      "fillRule": "evenodd",
      "shadowColor": "#1ABC9C",
      "rotation": 2.0944,
      "points": [
        54.48364,
        56.83718,
        54.09709,
        67.31152,
        57.67143,
        69.33292,
        58.31655,
        58.14196,
        62.13968,
        59.96902,
        56.73351,
        50.6053,
        49.92946,
        54.53359,
        54.48364,
        56.83718,
        54.48364,
        56.83718
      ]
    },
    {
      "type": "shape",
      "background": "rgb(255,255,255)",
      "borderWidth": 1,
      "borderColor": "rgb(255,255,255)",
      "fillRule": "evenodd",
      "shadowColor": "#1ABC9C",
      "rotation": 2.0944,
      "points": [
        72.61144,
        46.13428,
        72.22491,
        56.6086,
        75.79924,
        58.63002,
        76.44434,
        47.43904,
        80.26748,
        49.26613,
        74.86131,
        39.9024,
        68.05724,
        43.83069,
        72.61144,
        46.13428,
        72.61144,
        46.13428
      ]
    }
  ]
}