{
  "width": 100,
  "height": 100,
  "comps": [
    {
      "type": "shape",
      "background": "rgb(245,181,20)",
      "shadowColor": "#1ABC9C",
      "points": [
        71.85554,
        8.74448,
        71.85554,
        76.82951,
        34.83339,
        98.23107,
        34.83339,
        30.15027,
        71.85554,
        8.74448,
        71.85554,
        8.74448
      ]
    },
    {
      "type": "shape",
      "background": "#b06d00",
      "shadowColor": "#1ABC9C",
      "points": [
        24,
        24.05351,
        24,
        91.96782,
        34.83339,
        98.23107,
        34.83339,
        30.15027,
        24.28933,
        24.05351
      ]
    },
    {
      "type": "shape",
      "background": "rgb(252,209,98)",
      "shadowColor": "#1ABC9C",
      "points": [
        62.00816,
        3,
        24.44243,
        24.09305,
        34.83339,
        30.09971,
        71.85554,
        8.69392,
        62.00816,
        3
      ]
    },
    {
      "type": "shape",
      "background": "rgb(252,209,98)",
      "shadowColor": "#1ABC9C",
      "points": [
        71.85554,
        68.36442,
        71.85554,
        69.87761,
        34.83339,
        91.27915,
        34.83339,
        89.61968,
        71.85554,
        68.36442
      ]
    },
    {
      "type": "shape",
      "background": "rgb(252,209,98)",
      "shadowColor": "#1ABC9C",
      "points": [
        71.85554,
        58.2621,
        71.85554,
        59.77529,
        34.83339,
        81.17683,
        34.83339,
        79.51736,
        71.85554,
        58.2621
      ]
    },
    {
      "type": "shape",
      "background": "rgb(252,209,98)",
      "shadowColor": "#1ABC9C",
      "points": [
        71.85554,
        48.15979,
        71.85554,
        49.67298,
        34.83339,
        71.07452,
        34.83339,
        69.41505,
        71.85554,
        48.15979
      ]
    },
    {
      "type": "shape",
      "background": "rgb(252,209,98)",
      "shadowColor": "#1ABC9C",
      "points": [
        71.85554,
        38.05747,
        71.85554,
        39.57066,
        34.83339,
        60.9722,
        34.83339,
        59.31273,
        71.85554,
        38.05747
      ]
    },
    {
      "type": "shape",
      "background": "rgb(252,209,98)",
      "shadowColor": "#1ABC9C",
      "points": [
        71.85554,
        27.95515,
        71.85554,
        29.46835,
        34.83339,
        50.86989,
        34.83339,
        49.21041,
        71.85554,
        27.95515
      ]
    },
    {
      "type": "shape",
      "background": "rgb(252,209,98)",
      "shadowColor": "#1ABC9C",
      "points": [
        71.85554,
        17.85284,
        71.85554,
        19.36603,
        34.83339,
        40.76757,
        34.83339,
        39.1081,
        71.85554,
        17.85284
      ]
    },
    {
      "type": "shape",
      "background": "rgb(252,209,98)",
      "shadowColor": "#1ABC9C",
      "points": [
        54.03788,
        29.3102,
        54.03788,
        39.73945,
        52.65105,
        40.65626,
        52.65105,
        30.16041,
        54.03788,
        29.3102
      ]
    },
    {
      "type": "shape",
      "background": "rgb(252,209,98)",
      "shadowColor": "#1ABC9C",
      "points": [
        39.74247,
        36.90157,
        39.74247,
        47.33082,
        38.35564,
        48.24763,
        38.35564,
        37.75178,
        39.74247,
        36.90157
      ]
    },
    {
      "type": "shape",
      "background": "rgb(252,209,98)",
      "shadowColor": "#1ABC9C",
      "points": [
        68.08282,
        21.30446,
        68.08282,
        31.73371,
        66.69599,
        32.65052,
        66.69599,
        22.15467,
        68.08282,
        21.30446
      ]
    },
    {
      "type": "shape",
      "background": "rgb(252,209,98)",
      "shadowColor": "#1ABC9C",
      "points": [
        45.41054,
        44.28851,
        45.41054,
        54.71776,
        44.02371,
        55.63457,
        44.02371,
        45.13872,
        45.41054,
        44.28851
      ]
    },
    {
      "type": "shape",
      "background": "rgb(252,209,98)",
      "shadowColor": "#1ABC9C",
      "points": [
        60.99773,
        35.48455,
        60.99773,
        45.9138,
        59.6109,
        46.83061,
        59.6109,
        36.33476,
        60.99773,
        35.48455
      ]
    },
    {
      "type": "shape",
      "background": "rgb(252,209,98)",
      "shadowColor": "#1ABC9C",
      "points": [
        54.03788,
        49.16333,
        54.03788,
        59.59257,
        52.65105,
        60.50938,
        52.65105,
        50.01354,
        54.03788,
        49.16333
      ]
    },
    {
      "type": "shape",
      "background": "rgb(252,209,98)",
      "shadowColor": "#1ABC9C",
      "points": [
        39.74247,
        57.55291,
        39.74247,
        67.98216,
        38.35564,
        68.89897,
        38.35564,
        58.40312,
        39.74247,
        57.55291
      ]
    },
    {
      "type": "shape",
      "background": "rgb(252,209,98)",
      "shadowColor": "#1ABC9C",
      "points": [
        68.08282,
        41.15758,
        68.08282,
        51.58683,
        66.69599,
        52.50364,
        66.69599,
        42.00779,
        68.08282,
        41.15758
      ]
    },
    {
      "type": "shape",
      "background": "rgb(252,209,98)",
      "shadowColor": "#1ABC9C",
      "points": [
        45.41054,
        64.12676,
        45.41054,
        74.55601,
        44.02371,
        75.47282,
        44.02371,
        64.97697,
        45.41054,
        64.12676
      ]
    },
    {
      "type": "shape",
      "background": "rgb(252,209,98)",
      "shadowColor": "#1ABC9C",
      "points": [
        60.99773,
        55.3228,
        60.99773,
        65.75205,
        59.6109,
        66.66886,
        59.6109,
        56.17301,
        60.99773,
        55.3228
      ]
    },
    {
      "type": "shape",
      "background": "rgb(252,209,98)",
      "shadowColor": "#1ABC9C",
      "points": [
        54.03788,
        69.79979,
        54.03788,
        80.22904,
        52.65105,
        81.14585,
        52.65105,
        70.65,
        54.03788,
        69.79979
      ]
    },
    {
      "type": "shape",
      "background": "rgb(252,209,98)",
      "shadowColor": "#1ABC9C",
      "points": [
        39.74247,
        77.39115,
        39.74247,
        87.8204,
        38.35564,
        88.73721,
        38.35564,
        78.24137,
        39.74247,
        77.39115
      ]
    },
    {
      "type": "shape",
      "background": "rgb(252,209,98)",
      "shadowColor": "#1ABC9C",
      "points": [
        68.08282,
        61.79404,
        68.08282,
        72.22329,
        66.69599,
        73.1401,
        66.69599,
        62.64425,
        68.08282,
        61.79404
      ]
    },
    {
      "type": "shape",
      "background": "#dd9912",
      "shadowColor": "#1ABC9C",
      "points": [
        82.27093,
        23.86987,
        59.6109,
        50.55053,
        61.87018,
        52.51859,
        68.76072,
        51.06564,
        59.6109,
        73.20897,
        61.56173,
        75.1598,
        82.76097,
        48.37424,
        80.81014,
        46.42341,
        71.63686,
        45.98188,
        84.22175,
        25.8207,
        82.27093,
        23.86987,
        82.27093,
        23.86987
      ]
    },
    {
      "type": "shape",
      "background": "rgb(252,209,98)",
      "shadowColor": "#1ABC9C",
      "points": [
        84.22175,
        25.8207,
        61.56173,
        52.49979,
        70.71155,
        53.01647,
        61.56173,
        75.1598,
        82.76097,
        48.37424,
        73.58612,
        47.93273,
        84.22175,
        25.8207,
        84.22175,
        25.8207
      ]
    }
  ]
}